iso_code,continent,location,date,total_cases,new_cases,new_cases_smoothed,total_deaths,new_deaths,new_deaths_smoothed,total_cases_per_million,new_cases_per_million,new_cases_smoothed_per_million,total_deaths_per_million,new_deaths_per_million,new_deaths_smoothed_per_million,reproduction_rate,icu_patients,icu_patients_per_million,hosp_patients,hosp_patients_per_million,weekly_icu_admissions,weekly_icu_admissions_per_million,weekly_hosp_admissions,weekly_hosp_admissions_per_million,new_tests,total_tests,total_tests_per_thousand,new_tests_per_thousand,new_tests_smoothed,new_tests_smoothed_per_thousand,positive_rate,tests_per_case,tests_units,total_vaccinations,total_vaccinations_per_hundred,stringency_index,population,population_density,median_age,aged_65_older,aged_70_older,gdp_per_capita,extreme_poverty,cardiovasc_death_rate,diabetes_prevalence,female_smokers,male_smokers,handwashing_facilities,hospital_beds_per_thousand,life_expectancy,human_development_index
JPN,Asia,Japan,2020-01-22,2.0,,,,,,0.016,,,,,,,,,,,,,,,,,,,,,,,,,,2.78,126476458.0,347.778,48.2,27.049,18.493,39002.223,,79.37,5.72,11.2,33.7,,13.05,84.63,0.909
JPN,Asia,Japan,2020-01-23,2.0,0.0,,,,,0.016,0.0,,,,,,,,,,,,,,,,,,,,,,,,,2.78,126476458.0,347.778,48.2,27.049,18.493,39002.223,,79.37,5.72,11.2,33.7,,13.05,84.63,0.909
JPN,Asia,Japan,2020-01-24,2.0,0.0,,,,,0.016,0.0,,,,,,,,,,,,,,,,,,,,,,,,,2.78,126476458.0,347.778,48.2,27.049,18.493,39002.223,,79.37,5.72,11.2,33.7,,13.05,84.63,0.909
JPN,Asia,Japan,2020-01-25,2.0,0.0,,,,,0.016,0.0,,,,,,,,,,,,,,,,,,,,,,,,,2.78,126476458.0,347.778,48.2,27.049,18.493,39002.223,,79.37,5.72,11.2,33.7,,13.05,84.63,0.909
JPN,Asia,Japan,2020-01-26,4.0,2.0,,,,,0.032,0.016,,,,,,,,,,,,,,,,,,,,,,,,,2.78,126476458.0,347.778,48.2,27.049,18.493,39002.223,,79.37,5.72,11.2,33.7,,13.05,84.63,0.909
JPN,Asia,Japan,2020-01-27,4.0,0.0,,,,,0.032,0.0,,,,,,,,,,,,,,,,,,,,,,,,,2.78,126476458.0,347.778,48.2,27.049,18.493,39002.223,,79.37,5.72,11.2,33.7,,13.05,84.63,0.909
JPN,Asia,Japan,2020-01-28,7.0,3.0,0.714,,,0.0,0.055,0.024,0.006,,,0.0,,,,,,,,,,,,,,,,,,,,,2.78,126476458.0,347.778,48.2,27.049,18.493,39002.223,,79.37,5.72,11.2,33.7,,13.05,84.63,0.909
JPN,Asia,Japan,2020-01-29,7.0,0.0,0.714,,,0.0,0.055,0.0,0.006,,,0.0,,,,,,,,,,,,,,,,,,,,,2.78,126476458.0,347.778,48.2,27.049,18.493,39002.223,,79.37,5.72,11.2,33.7,,13.05,84.63,0.909
JPN,Asia,Japan,2020-01-30,11.0,4.0,1.286,,,0.0,0.087,0.032,0.01,,,0.0,,,,,,,,,,,,,,,,,,,,,2.78,126476458.0,347.778,48.2,27.049,18.493,39002.223,,79.37,5.72,11.2,33.7,,13.05,84.63,0.909
JPN,Asia,Japan,2020-01-31,15.0,4.0,1.857,,,0.0,0.119,0.032,0.015,,,0.0,,,,,,,,,,,,,,,,,,,,,2.78,126476458.0,347.778,48.2,27.049,18.493,39002.223,,79.37,5.72,11.2,33.7,,13.05,84.63,0.909
JPN,Asia,Japan,2020-02-01,20.0,5.0,2.571,,,0.0,0.158,0.04,0.02,,,0.0,,,,,,,,,,,,,,,,,,,,,8.33,126476458.0,347.778,48.2,27.049,18.493,39002.223,,79.37,5.72,11.2,33.7,,13.05,84.63,0.909
JPN,Asia,Japan,2020-02-02,20.0,0.0,2.286,,,0.0,0.158,0.0,0.018,,,0.0,,,,,,,,,,,,,,,,,,,,,8.33,126476458.0,347.778,48.2,27.049,18.493,39002.223,,79.37,5.72,11.2,33.7,,13.05,84.63,0.909
JPN,Asia,Japan,2020-02-03,20.0,0.0,2.286,,,0.0,0.158,0.0,0.018,,,0.0,,,,,,,,,,,,,,,,,,,,,8.33,126476458.0,347.778,48.2,27.049,18.493,39002.223,,79.37,5.72,11.2,33.7,,13.05,84.63,0.909
JPN,Asia,Japan,2020-02-04,22.0,2.0,2.143,,,0.0,0.174,0.016,0.017,,,0.0,,,,,,,,,,,,,,,,,,,,,19.44,126476458.0,347.778,48.2,27.049,18.493,39002.223,,79.37,5.72,11.2,33.7,,13.05,84.63,0.909
JPN,Asia,Japan,2020-02-05,23.0,1.0,2.286,,,0.0,0.182,0.008,0.018,,,0.0,,,,,,,,,,4.0,4.0,0.0,0.0,,,,,people tested,,,19.44,126476458.0,347.778,48.2,27.049,18.493,39002.223,,79.37,5.72,11.2,33.7,,13.05,84.63,0.909
JPN,Asia,Japan,2020-02-06,23.0,0.0,1.714,,,0.0,0.182,0.0,0.014,,,0.0,,,,,,,,,,19.0,23.0,0.0,0.0,,,,,people tested,,,19.44,126476458.0,347.778,48.2,27.049,18.493,39002.223,,79.37,5.72,11.2,33.7,,13.05,84.63,0.909
JPN,Asia,Japan,2020-02-07,23.0,0.0,1.143,,,0.0,0.182,0.0,0.009,,,0.0,,,,,,,,,,9.0,32.0,0.0,0.0,,,,,people tested,,,19.44,126476458.0,347.778,48.2,27.049,18.493,39002.223,,79.37,5.72,11.2,33.7,,13.05,84.63,0.909
JPN,Asia,Japan,2020-02-08,24.0,1.0,0.571,,,0.0,0.19,0.008,0.005,,,0.0,,,,,,,,,,4.0,36.0,0.0,0.0,,,,,people tested,,,19.44,126476458.0,347.778,48.2,27.049,18.493,39002.223,,79.37,5.72,11.2,33.7,,13.05,84.63,0.909
JPN,Asia,Japan,2020-02-09,24.0,0.0,0.571,,,0.0,0.19,0.0,0.005,,,0.0,,,,,,,,,,10.0,46.0,0.0,0.0,,,,,people tested,,,19.44,126476458.0,347.778,48.2,27.049,18.493,39002.223,,79.37,5.72,11.2,33.7,,13.05,84.63,0.909
JPN,Asia,Japan,2020-02-10,26.0,2.0,0.857,,,0.0,0.206,0.016,0.007,,,0.0,,,,,,,,,,12.0,58.0,0.0,0.0,,,,,people tested,,,19.44,126476458.0,347.778,48.2,27.049,18.493,39002.223,,79.37,5.72,11.2,33.7,,13.05,84.63,0.909
JPN,Asia,Japan,2020-02-11,27.0,1.0,0.714,,,0.0,0.213,0.008,0.006,,,0.0,,,,,,,,,,4.0,62.0,0.0,0.0,,,,,people tested,,,19.44,126476458.0,347.778,48.2,27.049,18.493,39002.223,,79.37,5.72,11.2,33.7,,13.05,84.63,0.909
JPN,Asia,Japan,2020-02-12,28.0,1.0,0.714,,,0.0,0.221,0.008,0.006,,,0.0,,,,,,,,,,10.0,72.0,0.001,0.0,10.0,0.0,0.071,14.0,people tested,,,19.44,126476458.0,347.778,48.2,27.049,18.493,39002.223,,79.37,5.72,11.2,33.7,,13.05,84.63,0.909
JPN,Asia,Japan,2020-02-13,33.0,5.0,1.429,1.0,,0.0,0.261,0.04,0.011,0.008,,0.0,,,,,,,,,,16.0,88.0,0.001,0.0,9.0,0.0,0.159,6.3,people tested,,,19.44,126476458.0,347.778,48.2,27.049,18.493,39002.223,,79.37,5.72,11.2,33.7,,13.05,84.63,0.909
JPN,Asia,Japan,2020-02-14,43.0,10.0,2.857,1.0,0.0,0.0,0.34,0.079,0.023,0.008,0.0,0.0,,,,,,,,,,43.0,131.0,0.001,0.0,14.0,0.0,0.204,4.9,people tested,,,19.44,126476458.0,347.778,48.2,27.049,18.493,39002.223,,79.37,5.72,11.2,33.7,,13.05,84.63,0.909
JPN,Asia,Japan,2020-02-15,54.0,11.0,4.286,1.0,0.0,0.0,0.427,0.087,0.034,0.008,0.0,0.0,,,,,,,,,,86.0,217.0,0.002,0.001,26.0,0.0,0.165,6.1,people tested,,,19.44,126476458.0,347.778,48.2,27.049,18.493,39002.223,,79.37,5.72,11.2,33.7,,13.05,84.63,0.909
JPN,Asia,Japan,2020-02-16,60.0,6.0,5.143,1.0,0.0,0.0,0.474,0.047,0.041,0.008,0.0,0.0,,,,,,,,,,65.0,282.0,0.002,0.001,34.0,0.0,0.151,6.6,people tested,,,19.44,126476458.0,347.778,48.2,27.049,18.493,39002.223,,79.37,5.72,11.2,33.7,,13.05,84.63,0.909
JPN,Asia,Japan,2020-02-17,67.0,7.0,5.857,1.0,0.0,0.0,0.53,0.055,0.046,0.008,0.0,0.0,,,,,,,,,,113.0,395.0,0.003,0.001,48.0,0.0,0.122,8.2,people tested,,,19.44,126476458.0,347.778,48.2,27.049,18.493,39002.223,,79.37,5.72,11.2,33.7,,13.05,84.63,0.909
JPN,Asia,Japan,2020-02-18,79.0,12.0,7.429,2.0,1.0,0.143,0.625,0.095,0.059,0.016,0.008,0.001,,,,,,,,,,9.0,404.0,0.003,0.0,49.0,0.0,0.152,6.6,people tested,,,19.44,126476458.0,347.778,48.2,27.049,18.493,39002.223,,79.37,5.72,11.2,33.7,,13.05,84.63,0.909
JPN,Asia,Japan,2020-02-19,85.0,6.0,8.143,2.0,0.0,0.143,0.672,0.047,0.064,0.016,0.0,0.001,,,,,,,,,,71.0,475.0,0.004,0.001,58.0,0.0,0.14,7.1,people tested,,,19.44,126476458.0,347.778,48.2,27.049,18.493,39002.223,,79.37,5.72,11.2,33.7,,13.05,84.63,0.909
JPN,Asia,Japan,2020-02-20,95.0,10.0,8.857,2.0,0.0,0.143,0.751,0.079,0.07,0.016,0.0,0.001,,,,,,,,,,90.0,565.0,0.004,0.001,68.0,0.001,0.13,7.7,people tested,,,25.0,126476458.0,347.778,48.2,27.049,18.493,39002.223,,79.37,5.72,11.2,33.7,,13.05,84.63,0.909
JPN,Asia,Japan,2020-02-21,112.0,17.0,9.857,2.0,0.0,0.143,0.886,0.134,0.078,0.016,0.0,0.001,,,,,,,,,,85.0,650.0,0.005,0.001,74.0,0.001,0.133,7.5,people tested,,,25.0,126476458.0,347.778,48.2,27.049,18.493,39002.223,,79.37,5.72,11.2,33.7,,13.05,84.63,0.909
JPN,Asia,Japan,2020-02-22,137.0,25.0,11.857,2.0,0.0,0.143,1.083,0.198,0.094,0.016,0.0,0.001,1.1,,,,,,,,,96.0,746.0,0.006,0.001,76.0,0.001,0.156,6.4,people tested,,,25.0,126476458.0,347.778,48.2,27.049,18.493,39002.223,,79.37,5.72,11.2,33.7,,13.05,84.63,0.909
JPN,Asia,Japan,2020-02-23,149.0,12.0,12.714,2.0,0.0,0.143,1.178,0.095,0.101,0.016,0.0,0.001,1.05,,,,,,,,,39.0,785.0,0.006,0.0,72.0,0.001,0.177,5.7,people tested,,,25.0,126476458.0,347.778,48.2,27.049,18.493,39002.223,,79.37,5.72,11.2,33.7,,13.05,84.63,0.909
JPN,Asia,Japan,2020-02-24,160.0,11.0,13.286,2.0,0.0,0.143,1.265,0.087,0.105,0.016,0.0,0.001,1.03,,,,,,,,,104.0,889.0,0.007,0.001,71.0,0.001,0.187,5.3,people tested,,,25.0,126476458.0,347.778,48.2,27.049,18.493,39002.223,,79.37,5.72,11.2,33.7,,13.05,84.63,0.909
JPN,Asia,Japan,2020-02-25,173.0,13.0,13.429,3.0,1.0,0.143,1.368,0.103,0.106,0.024,0.008,0.001,1.06,,,,,,,,,44.0,933.0,0.007,0.0,76.0,0.001,0.177,5.7,people tested,,,34.26,126476458.0,347.778,48.2,27.049,18.493,39002.223,,79.37,5.72,11.2,33.7,,13.05,84.63,0.909
JPN,Asia,Japan,2020-02-26,192.0,19.0,15.286,3.0,0.0,0.143,1.518,0.15,0.121,0.024,0.0,0.001,1.11,,,,,,,,,168.0,1101.0,0.009,0.001,89.0,0.001,0.172,5.8,people tested,,,34.26,126476458.0,347.778,48.2,27.049,18.493,39002.223,,79.37,5.72,11.2,33.7,,13.05,84.63,0.909
JPN,Asia,Japan,2020-02-27,218.0,26.0,17.571,4.0,1.0,0.286,1.724,0.206,0.139,0.032,0.008,0.002,1.15,,,,,,,,,151.0,1252.0,0.01,0.001,98.0,0.001,0.179,5.6,people tested,,,34.26,126476458.0,347.778,48.2,27.049,18.493,39002.223,,79.37,5.72,11.2,33.7,,13.05,84.63,0.909
JPN,Asia,Japan,2020-02-28,236.0,18.0,17.714,5.0,1.0,0.429,1.866,0.142,0.14,0.04,0.008,0.003,1.13,,,,,,,,,130.0,1382.0,0.011,0.001,105.0,0.001,0.169,5.9,people tested,,,34.26,126476458.0,347.778,48.2,27.049,18.493,39002.223,,79.37,5.72,11.2,33.7,,13.05,84.63,0.909
JPN,Asia,Japan,2020-02-29,245.0,9.0,15.429,6.0,1.0,0.571,1.937,0.071,0.122,0.047,0.008,0.005,1.12,,,,,,,,,178.0,1560.0,0.012,0.001,116.0,0.001,0.133,7.5,people tested,,,34.26,126476458.0,347.778,48.2,27.049,18.493,39002.223,,79.37,5.72,11.2,33.7,,13.05,84.63,0.909
JPN,Asia,Japan,2020-03-01,259.0,14.0,15.714,6.0,0.0,0.571,2.048,0.111,0.124,0.047,0.0,0.005,1.18,,,,,,,,,96.0,1656.0,0.013,0.001,124.0,0.001,0.127,7.9,people tested,,,34.26,126476458.0,347.778,48.2,27.049,18.493,39002.223,,79.37,5.72,11.2,33.7,,13.05,84.63,0.909
JPN,Asia,Japan,2020-03-02,278.0,19.0,16.857,6.0,0.0,0.571,2.198,0.15,0.133,0.047,0.0,0.005,1.28,,,,,,,,,71.0,1727.0,0.014,0.001,120.0,0.001,0.14,7.1,people tested,,,43.52,126476458.0,347.778,48.2,27.049,18.493,39002.223,,79.37,5.72,11.2,33.7,,13.05,84.63,0.909
JPN,Asia,Japan,2020-03-03,298.0,20.0,17.857,6.0,0.0,0.429,2.356,0.158,0.141,0.047,0.0,0.003,1.38,,,,,,,,,153.0,1880.0,0.015,0.001,135.0,0.001,0.132,7.6,people tested,,,43.52,126476458.0,347.778,48.2,27.049,18.493,39002.223,,79.37,5.72,11.2,33.7,,13.05,84.63,0.909
JPN,Asia,Japan,2020-03-04,333.0,35.0,20.143,7.0,1.0,0.571,2.633,0.277,0.159,0.055,0.008,0.005,1.51,,,,,,,,,3940.0,5820.0,0.046,0.031,674.0,0.005,0.03,33.5,people tested,,,43.52,126476458.0,347.778,48.2,27.049,18.493,39002.223,,79.37,5.72,11.2,33.7,,13.05,84.63,0.909
JPN,Asia,Japan,2020-03-05,365.0,32.0,21.0,7.0,0.0,0.429,2.886,0.253,0.166,0.055,0.0,0.003,1.58,,,,,,,,,699.0,6519.0,0.052,0.006,752.0,0.006,0.028,35.8,people tested,,,43.52,126476458.0,347.778,48.2,27.049,18.493,39002.223,,79.37,5.72,11.2,33.7,,13.05,84.63,0.909
JPN,Asia,Japan,2020-03-06,420.0,55.0,26.286,7.0,0.0,0.286,3.321,0.435,0.208,0.055,0.0,0.002,1.63,,,,,,,,,553.0,7072.0,0.056,0.004,813.0,0.006,0.032,30.9,people tested,,,43.52,126476458.0,347.778,48.2,27.049,18.493,39002.223,,79.37,5.72,11.2,33.7,,13.05,84.63,0.909
JPN,Asia,Japan,2020-03-07,466.0,46.0,31.571,7.0,0.0,0.143,3.684,0.364,0.25,0.055,0.0,0.001,1.57,,,,,,,,,147.0,7219.0,0.057,0.001,808.0,0.006,0.039,25.6,people tested,,,43.52,126476458.0,347.778,48.2,27.049,18.493,39002.223,,79.37,5.72,11.2,33.7,,13.05,84.63,0.909
JPN,Asia,Japan,2020-03-08,499.0,33.0,34.286,8.0,1.0,0.286,3.945,0.261,0.271,0.063,0.008,0.002,1.49,,,,,,,,,110.0,7329.0,0.058,0.001,810.0,0.006,0.042,23.6,people tested,,,43.52,126476458.0,347.778,48.2,27.049,18.493,39002.223,,79.37,5.72,11.2,33.7,,13.05,84.63,0.909
JPN,Asia,Japan,2020-03-09,527.0,28.0,35.571,10.0,2.0,0.571,4.167,0.221,0.281,0.079,0.016,0.005,1.45,,,,,,,,,1314.0,8643.0,0.068,0.01,988.0,0.008,0.036,27.8,people tested,,,40.74,126476458.0,347.778,48.2,27.049,18.493,39002.223,,79.37,5.72,11.2,33.7,,13.05,84.63,0.909
JPN,Asia,Japan,2020-03-10,585.0,58.0,41.0,13.0,3.0,1.0,4.625,0.459,0.324,0.103,0.024,0.008,1.47,,,,,,,,,424.0,9067.0,0.072,0.003,1027.0,0.008,0.04,25.0,people tested,,,40.74,126476458.0,347.778,48.2,27.049,18.493,39002.223,,79.37,5.72,11.2,33.7,,13.05,84.63,0.909
JPN,Asia,Japan,2020-03-11,640.0,55.0,43.857,15.0,2.0,1.143,5.06,0.435,0.347,0.119,0.016,0.009,1.43,,,,,,,,,181.0,9248.0,0.073,0.001,490.0,0.004,0.09,11.2,people tested,,,40.74,126476458.0,347.778,48.2,27.049,18.493,39002.223,,79.37,5.72,11.2,33.7,,13.05,84.63,0.909
JPN,Asia,Japan,2020-03-12,696.0,56.0,47.286,19.0,4.0,1.714,5.503,0.443,0.374,0.15,0.032,0.014,1.36,,,,,,,,,1855.0,11103.0,0.088,0.015,655.0,0.005,0.072,13.9,people tested,,,40.74,126476458.0,347.778,48.2,27.049,18.493,39002.223,,79.37,5.72,11.2,33.7,,13.05,84.63,0.909
JPN,Asia,Japan,2020-03-13,733.0,37.0,44.714,21.0,2.0,2.0,5.796,0.293,0.354,0.166,0.016,0.016,1.28,,,,,,,,,859.0,11962.0,0.095,0.007,699.0,0.006,0.064,15.6,people tested,,,40.74,126476458.0,347.778,48.2,27.049,18.493,39002.223,,79.37,5.72,11.2,33.7,,13.05,84.63,0.909
JPN,Asia,Japan,2020-03-14,795.0,62.0,47.0,22.0,1.0,2.143,6.286,0.49,0.372,0.174,0.008,0.017,1.23,,,,,,,,,107.0,12069.0,0.095,0.001,693.0,0.005,0.068,14.7,people tested,,,40.74,126476458.0,347.778,48.2,27.049,18.493,39002.223,,79.37,5.72,11.2,33.7,,13.05,84.63,0.909
JPN,Asia,Japan,2020-03-15,826.0,31.0,46.714,24.0,2.0,2.286,6.531,0.245,0.369,0.19,0.016,0.018,1.14,,,,,,,,,42.0,12111.0,0.096,0.0,683.0,0.005,0.068,14.6,people tested,,,40.74,126476458.0,347.778,48.2,27.049,18.493,39002.223,,79.37,5.72,11.2,33.7,,13.05,84.63,0.909
JPN,Asia,Japan,2020-03-16,843.0,17.0,45.143,30.0,6.0,2.857,6.665,0.134,0.357,0.237,0.047,0.023,1.1,,,,,,,,,2083.0,14194.0,0.112,0.016,793.0,0.006,0.057,17.6,people tested,,,40.74,126476458.0,347.778,48.2,27.049,18.493,39002.223,,79.37,5.72,11.2,33.7,,13.05,84.63,0.909
JPN,Asia,Japan,2020-03-17,893.0,50.0,44.0,30.0,0.0,2.429,7.061,0.395,0.348,0.237,0.0,0.019,1.13,,,,,,,,,203.0,14397.0,0.114,0.002,761.0,0.006,0.058,17.3,people tested,,,40.74,126476458.0,347.778,48.2,27.049,18.493,39002.223,,79.37,5.72,11.2,33.7,,13.05,84.63,0.909
JPN,Asia,Japan,2020-03-18,928.0,35.0,41.143,32.0,2.0,2.429,7.337,0.277,0.325,0.253,0.016,0.019,1.14,,,,,,,,,,,,,985.0,0.008,0.042,23.9,people tested,,,40.74,126476458.0,347.778,48.2,27.049,18.493,39002.223,,79.37,5.72,11.2,33.7,,13.05,84.63,0.909
JPN,Asia,Japan,2020-03-19,968.0,40.0,38.857,33.0,1.0,2.0,7.654,0.316,0.307,0.261,0.008,0.016,1.18,,,,,,,,,3490.0,17887.0,0.141,0.028,969.0,0.008,0.04,24.9,people tested,,,40.74,126476458.0,347.778,48.2,27.049,18.493,39002.223,,79.37,5.72,11.2,33.7,,13.05,84.63,0.909
JPN,Asia,Japan,2020-03-20,1022.0,54.0,41.286,34.0,1.0,1.857,8.081,0.427,0.326,0.269,0.008,0.015,1.24,,,,,,,,,119.0,18006.0,0.142,0.001,863.0,0.007,0.048,20.9,people tested,,,40.74,126476458.0,347.778,48.2,27.049,18.493,39002.223,,79.37,5.72,11.2,33.7,,13.05,84.63,0.909
JPN,Asia,Japan,2020-03-21,1059.0,37.0,37.714,36.0,2.0,2.0,8.373,0.293,0.298,0.285,0.016,0.016,1.27,,,,,,,,,132.0,18138.0,0.143,0.001,867.0,0.007,0.043,23.0,people tested,,,40.74,126476458.0,347.778,48.2,27.049,18.493,39002.223,,79.37,5.72,11.2,33.7,,13.05,84.63,0.909
JPN,Asia,Japan,2020-03-22,1104.0,45.0,39.714,40.0,4.0,2.286,8.729,0.356,0.314,0.316,0.032,0.018,1.34,,,,,,,,,56.0,18194.0,0.144,0.0,869.0,0.007,0.046,21.9,people tested,,,40.74,126476458.0,347.778,48.2,27.049,18.493,39002.223,,79.37,5.72,11.2,33.7,,13.05,84.63,0.909
JPN,Asia,Japan,2020-03-23,1144.0,40.0,43.0,41.0,1.0,1.571,9.045,0.316,0.34,0.324,0.008,0.012,1.44,,,,,,,,,3862.0,22056.0,0.174,0.031,1123.0,0.009,0.038,26.1,people tested,,,40.74,126476458.0,347.778,48.2,27.049,18.493,39002.223,,79.37,5.72,11.2,33.7,,13.05,84.63,0.909
JPN,Asia,Japan,2020-03-24,1217.0,73.0,46.286,42.0,1.0,1.714,9.622,0.577,0.366,0.332,0.008,0.014,1.6,,,,,,,,,,,,,1142.0,0.009,0.041,24.7,people tested,,,40.74,126476458.0,347.778,48.2,27.049,18.493,39002.223,,79.37,5.72,11.2,33.7,,13.05,84.63,0.909
JPN,Asia,Japan,2020-03-25,1314.0,97.0,55.143,45.0,3.0,1.857,10.389,0.767,0.436,0.356,0.024,0.015,1.74,,,,,,,,,674.0,22730.0,0.18,0.005,941.0,0.007,0.059,17.1,people tested,,,40.74,126476458.0,347.778,48.2,27.049,18.493,39002.223,,79.37,5.72,11.2,33.7,,13.05,84.63,0.909
JPN,Asia,Japan,2020-03-26,1416.0,102.0,64.0,47.0,2.0,2.0,11.196,0.806,0.506,0.372,0.016,0.016,1.83,,,,,,,,,1805.0,24535.0,0.194,0.014,950.0,0.008,0.067,14.8,people tested,,,40.74,126476458.0,347.778,48.2,27.049,18.493,39002.223,,79.37,5.72,11.2,33.7,,13.05,84.63,0.909
JPN,Asia,Japan,2020-03-27,1530.0,114.0,72.571,53.0,6.0,2.714,12.097,0.901,0.574,0.419,0.047,0.021,1.91,,,,,,,,,1442.0,25977.0,0.205,0.011,1139.0,0.009,0.064,15.7,people tested,,,40.74,126476458.0,347.778,48.2,27.049,18.493,39002.223,,79.37,5.72,11.2,33.7,,13.05,84.63,0.909
JPN,Asia,Japan,2020-03-28,1728.0,198.0,95.571,56.0,3.0,2.857,13.663,1.566,0.756,0.443,0.024,0.023,1.99,,,,,,,,,296.0,26273.0,0.208,0.002,1162.0,0.009,0.082,12.2,people tested,,,40.74,126476458.0,347.778,48.2,27.049,18.493,39002.223,,79.37,5.72,11.2,33.7,,13.05,84.63,0.909
JPN,Asia,Japan,2020-03-29,1907.0,179.0,114.714,63.0,7.0,3.286,15.078,1.415,0.907,0.498,0.055,0.026,1.95,,,,,,,,,206.0,26479.0,0.209,0.002,1184.0,0.009,0.097,10.3,people tested,,,40.74,126476458.0,347.778,48.2,27.049,18.493,39002.223,,79.37,5.72,11.2,33.7,,13.05,84.63,0.909
JPN,Asia,Japan,2020-03-30,2001.0,94.0,122.429,65.0,2.0,3.429,15.821,0.743,0.968,0.514,0.016,0.027,1.9,,,,,,,,,3481.0,29960.0,0.237,0.028,1129.0,0.009,0.108,9.2,people tested,,,40.74,126476458.0,347.778,48.2,27.049,18.493,39002.223,,79.37,5.72,11.2,33.7,,13.05,84.63,0.909
JPN,Asia,Japan,2020-03-31,2255.0,254.0,148.286,67.0,2.0,3.571,17.829,2.008,1.172,0.53,0.016,0.028,1.97,,,,,,,,,1914.0,31874.0,0.252,0.015,1354.0,0.011,0.11,9.1,people tested,,,40.74,126476458.0,347.778,48.2,27.049,18.493,39002.223,,79.37,5.72,11.2,33.7,,13.05,84.63,0.909
JPN,Asia,Japan,2020-04-01,2535.0,280.0,174.429,72.0,5.0,3.857,20.043,2.214,1.379,0.569,0.04,0.03,1.97,,,,,,,,,,,,,1641.0,0.013,0.106,9.4,people tested,,,40.74,126476458.0,347.778,48.2,27.049,18.493,39002.223,,79.37,5.72,11.2,33.7,,13.05,84.63,0.909
JPN,Asia,Japan,2020-04-02,2818.0,283.0,200.286,75.0,3.0,4.0,22.281,2.238,1.584,0.593,0.024,0.032,1.93,,,,,,,,,4685.0,36559.0,0.289,0.037,1718.0,0.014,0.117,8.6,people tested,,,40.74,126476458.0,347.778,48.2,27.049,18.493,39002.223,,79.37,5.72,11.2,33.7,,13.05,84.63,0.909
JPN,Asia,Japan,2020-04-03,3154.0,336.0,232.0,81.0,6.0,4.0,24.937,2.657,1.834,0.64,0.047,0.032,1.89,,,,,,,,,3305.0,39864.0,0.315,0.026,1984.0,0.016,0.117,8.6,people tested,,,43.52,126476458.0,347.778,48.2,27.049,18.493,39002.223,,79.37,5.72,11.2,33.7,,13.05,84.63,0.909
JPN,Asia,Japan,2020-04-04,3525.0,371.0,256.714,87.0,6.0,4.429,27.871,2.933,2.03,0.688,0.047,0.035,1.83,,,,,,,,,271.0,40135.0,0.317,0.002,1980.0,0.016,0.13,7.7,people tested,,,43.52,126476458.0,347.778,48.2,27.049,18.493,39002.223,,79.37,5.72,11.2,33.7,,13.05,84.63,0.909
JPN,Asia,Japan,2020-04-05,3876.0,351.0,281.286,93.0,6.0,4.286,30.646,2.775,2.224,0.735,0.047,0.034,1.74,,,,,,,,,218.0,40353.0,0.319,0.002,1982.0,0.016,0.142,7.0,people tested,,,43.52,126476458.0,347.778,48.2,27.049,18.493,39002.223,,79.37,5.72,11.2,33.7,,13.05,84.63,0.909
JPN,Asia,Japan,2020-04-06,4110.0,234.0,301.286,96.0,3.0,4.429,32.496,1.85,2.382,0.759,0.024,0.035,1.67,,,,,,,,,7876.0,48229.0,0.381,0.062,2610.0,0.021,0.115,8.7,people tested,,,43.52,126476458.0,347.778,48.2,27.049,18.493,39002.223,,79.37,5.72,11.2,33.7,,13.05,84.63,0.909
JPN,Asia,Japan,2020-04-07,4485.0,375.0,318.571,98.0,2.0,4.429,35.461,2.965,2.519,0.775,0.016,0.035,1.69,,,,,,,,,4544.0,52773.0,0.417,0.036,2986.0,0.024,0.107,9.4,people tested,,,45.37,126476458.0,347.778,48.2,27.049,18.493,39002.223,,79.37,5.72,11.2,33.7,,13.05,84.63,0.909
JPN,Asia,Japan,2020-04-08,5020.0,535.0,355.0,105.0,7.0,4.714,39.691,4.23,2.807,0.83,0.055,0.037,1.71,,,,,,,,,1383.0,54156.0,0.428,0.011,2848.0,0.023,0.125,8.0,people tested,,,45.37,126476458.0,347.778,48.2,27.049,18.493,39002.223,,79.37,5.72,11.2,33.7,,13.05,84.63,0.909
JPN,Asia,Japan,2020-04-09,5614.0,594.0,399.429,113.0,8.0,5.429,44.388,4.697,3.158,0.893,0.063,0.043,1.69,,,,,,,,,2841.0,56997.0,0.451,0.022,2920.0,0.023,0.137,7.3,people tested,,,45.37,126476458.0,347.778,48.2,27.049,18.493,39002.223,,79.37,5.72,11.2,33.7,,13.05,84.63,0.909
JPN,Asia,Japan,2020-04-10,6250.0,636.0,442.286,125.0,12.0,6.286,49.416,5.029,3.497,0.988,0.095,0.05,1.62,,,,,,,,,5389.0,62386.0,0.493,0.043,3217.0,0.025,0.137,7.3,people tested,,,45.37,126476458.0,347.778,48.2,27.049,18.493,39002.223,,79.37,5.72,11.2,33.7,,13.05,84.63,0.909
JPN,Asia,Japan,2020-04-11,6951.0,701.0,489.429,138.0,13.0,7.286,54.959,5.543,3.87,1.091,0.103,0.058,1.53,,,,,,,,,1644.0,64030.0,0.506,0.013,3414.0,0.027,0.143,7.0,people tested,,,45.37,126476458.0,347.778,48.2,27.049,18.493,39002.223,,79.37,5.72,11.2,33.7,,13.05,84.63,0.909
JPN,Asia,Japan,2020-04-12,7473.0,522.0,513.857,147.0,9.0,7.714,59.086,4.127,4.063,1.162,0.071,0.061,1.4,,,,,,,,,57.0,64087.0,0.507,0.0,3391.0,0.027,0.152,6.6,people tested,,,45.37,126476458.0,347.778,48.2,27.049,18.493,39002.223,,79.37,5.72,11.2,33.7,,13.05,84.63,0.909
JPN,Asia,Japan,2020-04-13,7773.0,300.0,523.286,156.0,9.0,8.571,61.458,2.372,4.137,1.233,0.071,0.068,1.29,,,,,,,,,9252.0,73339.0,0.58,0.073,3587.0,0.028,0.146,6.9,people tested,,,45.37,126476458.0,347.778,48.2,27.049,18.493,39002.223,,79.37,5.72,11.2,33.7,,13.05,84.63,0.909
JPN,Asia,Japan,2020-04-14,8277.0,504.0,541.714,170.0,14.0,10.286,65.443,3.985,4.283,1.344,0.111,0.081,1.25,,,,,,,,,8255.0,81594.0,0.645,0.065,4117.0,0.033,0.132,7.6,people tested,,,45.37,126476458.0,347.778,48.2,27.049,18.493,39002.223,,79.37,5.72,11.2,33.7,,13.05,84.63,0.909
JPN,Asia,Japan,2020-04-15,8835.0,558.0,545.0,186.0,16.0,11.571,69.855,4.412,4.309,1.471,0.127,0.091,1.22,,,,,,,,,693.0,82287.0,0.651,0.005,4019.0,0.032,0.136,7.4,people tested,,,45.37,126476458.0,347.778,48.2,27.049,18.493,39002.223,,79.37,5.72,11.2,33.7,,13.05,84.63,0.909
JPN,Asia,Japan,2020-04-16,9398.0,563.0,540.571,204.0,18.0,13.0,74.306,4.451,4.274,1.613,0.142,0.103,1.17,,,,,,,,,5325.0,87612.0,0.693,0.042,4374.0,0.035,0.124,8.1,people tested,,,47.22,126476458.0,347.778,48.2,27.049,18.493,39002.223,,79.37,5.72,11.2,33.7,,13.05,84.63,0.909
JPN,Asia,Japan,2020-04-17,9958.0,560.0,529.714,217.0,13.0,13.143,78.734,4.428,4.188,1.716,0.103,0.104,1.12,,,,,,,,,4149.0,91761.0,0.726,0.033,4196.0,0.033,0.126,7.9,people tested,,,47.22,126476458.0,347.778,48.2,27.049,18.493,39002.223,,79.37,5.72,11.2,33.7,,13.05,84.63,0.909
JPN,Asia,Japan,2020-04-18,10548.0,590.0,513.857,236.0,19.0,14.0,83.399,4.665,4.063,1.866,0.15,0.111,1.06,,,,,,,,,1004.0,92765.0,0.733,0.008,4105.0,0.032,0.125,8.0,people tested,,,47.22,126476458.0,347.778,48.2,27.049,18.493,39002.223,,79.37,5.72,11.2,33.7,,13.05,84.63,0.909
JPN,Asia,Japan,2020-04-19,10914.0,366.0,491.571,255.0,19.0,15.429,86.293,2.894,3.887,2.016,0.15,0.122,0.98,,,,,,,,,2953.0,95718.0,0.757,0.023,4519.0,0.036,0.109,9.2,people tested,,,47.22,126476458.0,347.778,48.2,27.049,18.493,39002.223,,79.37,5.72,11.2,33.7,,13.05,84.63,0.909
JPN,Asia,Japan,2020-04-20,11258.0,344.0,497.857,275.0,20.0,17.0,89.013,2.72,3.936,2.174,0.158,0.134,0.93,,,,,,,,,6816.0,102534.0,0.811,0.054,4171.0,0.033,0.119,8.4,people tested,,,47.22,126476458.0,347.778,48.2,27.049,18.493,39002.223,,79.37,5.72,11.2,33.7,,13.05,84.63,0.909
JPN,Asia,Japan,2020-04-21,11641.0,383.0,480.571,303.0,28.0,19.0,92.041,3.028,3.8,2.396,0.221,0.15,0.9,,,,,,,,,5542.0,108076.0,0.855,0.044,3783.0,0.03,0.127,7.9,people tested,,,47.22,126476458.0,347.778,48.2,27.049,18.493,39002.223,,79.37,5.72,11.2,33.7,,13.05,84.63,0.909
JPN,Asia,Japan,2020-04-22,12037.0,396.0,457.429,323.0,20.0,19.571,95.172,3.131,3.617,2.554,0.158,0.155,0.88,,,,,,,,,4415.0,112491.0,0.889,0.035,4315.0,0.034,0.106,9.4,people tested,,,47.22,126476458.0,347.778,48.2,27.049,18.493,39002.223,,79.37,5.72,11.2,33.7,,13.05,84.63,0.909
JPN,Asia,Japan,2020-04-23,12469.0,432.0,438.714,351.0,28.0,21.0,98.588,3.416,3.469,2.775,0.221,0.166,0.85,,,,,,,,,5349.0,117840.0,0.932,0.042,4318.0,0.034,0.102,9.8,people tested,,,47.22,126476458.0,347.778,48.2,27.049,18.493,39002.223,,79.37,5.72,11.2,33.7,,13.05,84.63,0.909
JPN,Asia,Japan,2020-04-24,12854.0,385.0,413.714,360.0,9.0,20.429,101.632,3.044,3.271,2.846,0.071,0.162,0.81,,,,,,,,,5187.0,123027.0,0.973,0.041,4467.0,0.035,0.093,10.8,people tested,,,47.22,126476458.0,347.778,48.2,27.049,18.493,39002.223,,79.37,5.72,11.2,33.7,,13.05,84.63,0.909
JPN,Asia,Japan,2020-04-25,13186.0,332.0,376.857,379.0,19.0,20.429,104.257,2.625,2.98,2.997,0.15,0.162,0.77,,,,,,,,,1250.0,124277.0,0.983,0.01,4502.0,0.036,0.084,11.9,people tested,,,47.22,126476458.0,347.778,48.2,27.049,18.493,39002.223,,79.37,5.72,11.2,33.7,,13.05,84.63,0.909
JPN,Asia,Japan,2020-04-26,13405.0,219.0,355.857,395.0,16.0,20.0,105.988,1.732,2.814,3.123,0.127,0.158,0.72,,,,,,,,,1136.0,125413.0,0.992,0.009,4242.0,0.034,0.084,11.9,people tested,,,47.22,126476458.0,347.778,48.2,27.049,18.493,39002.223,,79.37,5.72,11.2,33.7,,13.05,84.63,0.909
JPN,Asia,Japan,2020-04-27,13576.0,171.0,331.143,417.0,22.0,20.286,107.34,1.352,2.618,3.297,0.174,0.16,0.69,,,,,,,,,8545.0,133958.0,1.059,0.068,4489.0,0.035,0.074,13.6,people tested,,,47.22,126476458.0,347.778,48.2,27.049,18.493,39002.223,,79.37,5.72,11.2,33.7,,13.05,84.63,0.909
JPN,Asia,Japan,2020-04-28,13860.0,284.0,317.0,436.0,19.0,19.0,109.586,2.245,2.506,3.447,0.15,0.15,0.7,,,,,,,,,3244.0,137202.0,1.085,0.026,4161.0,0.033,0.076,13.1,people tested,,,47.22,126476458.0,347.778,48.2,27.049,18.493,39002.223,,79.37,5.72,11.2,33.7,,13.05,84.63,0.909
JPN,Asia,Japan,2020-04-29,14076.0,216.0,291.286,454.0,18.0,18.714,111.293,1.708,2.303,3.59,0.142,0.148,0.69,,,,,,,,,879.0,138081.0,1.092,0.007,3656.0,0.029,0.08,12.6,people tested,,,47.22,126476458.0,347.778,48.2,27.049,18.493,39002.223,,79.37,5.72,11.2,33.7,,13.05,84.63,0.909
JPN,Asia,Japan,2020-04-30,14284.0,208.0,259.286,481.0,27.0,18.571,112.938,1.645,2.05,3.803,0.213,0.147,0.7,,,,,,,,,8126.0,146207.0,1.156,0.064,4052.0,0.032,0.064,15.6,people tested,,,47.22,126476458.0,347.778,48.2,27.049,18.493,39002.223,,79.37,5.72,11.2,33.7,,13.05,84.63,0.909
JPN,Asia,Japan,2020-05-01,14558.0,274.0,243.429,510.0,29.0,21.429,115.104,2.166,1.925,4.032,0.229,0.169,0.71,,,,,,,,,6820.0,153027.0,1.21,0.054,4286.0,0.034,0.057,17.6,people tested,,,47.22,126476458.0,347.778,48.2,27.049,18.493,39002.223,,79.37,5.72,11.2,33.7,,13.05,84.63,0.909
JPN,Asia,Japan,2020-05-02,14861.0,303.0,239.286,536.0,26.0,22.429,117.5,2.396,1.892,4.238,0.206,0.177,0.69,,,,,,,,,880.0,153907.0,1.217,0.007,4233.0,0.033,0.057,17.7,people tested,,,47.22,126476458.0,347.778,48.2,27.049,18.493,39002.223,,79.37,5.72,11.2,33.7,,13.05,84.63,0.909
JPN,Asia,Japan,2020-05-03,15061.0,200.0,236.571,560.0,24.0,23.571,119.081,1.581,1.87,4.428,0.19,0.186,0.65,,,,,,,,,1012.0,154919.0,1.225,0.008,4215.0,0.033,0.056,17.8,people tested,,,47.22,126476458.0,347.778,48.2,27.049,18.493,39002.223,,79.37,5.72,11.2,33.7,,13.05,84.63,0.909
JPN,Asia,Japan,2020-05-04,15229.0,168.0,236.143,582.0,22.0,23.571,120.41,1.328,1.867,4.602,0.174,0.186,0.6,,,,,,,,,1332.0,156251.0,1.235,0.011,3185.0,0.025,0.074,13.5,people tested,,,47.22,126476458.0,347.778,48.2,27.049,18.493,39002.223,,79.37,5.72,11.2,33.7,,13.05,84.63,0.909
JPN,Asia,Japan,2020-05-05,15354.0,125.0,213.429,593.0,11.0,22.429,121.398,0.988,1.687,4.689,0.087,0.177,0.55,,,,,,,,,1569.0,157820.0,1.248,0.012,2945.0,0.023,0.072,13.8,people tested,,,47.22,126476458.0,347.778,48.2,27.049,18.493,39002.223,,79.37,5.72,11.2,33.7,,13.05,84.63,0.909
JPN,Asia,Japan,2020-05-06,15455.0,101.0,197.0,605.0,12.0,21.571,122.197,0.799,1.558,4.783,0.095,0.171,0.52,,,,,,,,,447.0,158267.0,1.251,0.004,2884.0,0.023,0.068,14.6,people tested,,,47.22,126476458.0,347.778,48.2,27.049,18.493,39002.223,,79.37,5.72,11.2,33.7,,13.05,84.63,0.909
JPN,Asia,Japan,2020-05-07,15553.0,98.0,181.286,617.0,12.0,19.429,122.972,0.775,1.433,4.878,0.095,0.154,0.5,,,,,,,,,13005.0,171272.0,1.354,0.103,3581.0,0.028,0.051,19.8,people tested,,,47.22,126476458.0,347.778,48.2,27.049,18.493,39002.223,,79.37,5.72,11.2,33.7,,13.05,84.63,0.909
JPN,Asia,Japan,2020-05-08,15640.0,87.0,154.571,634.0,17.0,17.714,123.659,0.688,1.222,5.013,0.134,0.14,0.48,,,,,,,,,10680.0,181952.0,1.439,0.084,4132.0,0.033,0.037,26.7,people tested,,,47.22,126476458.0,347.778,48.2,27.049,18.493,39002.223,,79.37,5.72,11.2,33.7,,13.05,84.63,0.909
JPN,Asia,Japan,2020-05-09,15755.0,115.0,127.714,654.0,20.0,16.857,124.569,0.909,1.01,5.171,0.158,0.133,0.48,,,,,,,,,2265.0,184217.0,1.457,0.018,4330.0,0.034,0.029,33.9,people tested,,,47.22,126476458.0,347.778,48.2,27.049,18.493,39002.223,,79.37,5.72,11.2,33.7,,13.05,84.63,0.909
JPN,Asia,Japan,2020-05-10,15824.0,69.0,109.0,666.0,12.0,15.143,125.114,0.546,0.862,5.266,0.095,0.12,0.46,,,,,,,,,3995.0,188212.0,1.488,0.032,4756.0,0.038,0.023,43.6,people tested,,,47.22,126476458.0,347.778,48.2,27.049,18.493,39002.223,,79.37,5.72,11.2,33.7,,13.05,84.63,0.909
JPN,Asia,Japan,2020-05-11,15861.0,37.0,90.286,685.0,19.0,14.714,125.407,0.293,0.714,5.416,0.15,0.116,0.45,,,,,,,,,5993.0,194205.0,1.536,0.047,5422.0,0.043,0.017,60.1,people tested,,,47.22,126476458.0,347.778,48.2,27.049,18.493,39002.223,,79.37,5.72,11.2,33.7,,13.05,84.63,0.909
JPN,Asia,Japan,2020-05-12,15948.0,87.0,84.857,707.0,22.0,16.286,126.095,0.688,0.671,5.59,0.174,0.129,0.47,,,,,,,,,288.0,194493.0,1.538,0.002,5239.0,0.041,0.016,61.7,people tested,,,47.22,126476458.0,347.778,48.2,27.049,18.493,39002.223,,79.37,5.72,11.2,33.7,,13.05,84.63,0.909
JPN,Asia,Japan,2020-05-13,15998.0,50.0,77.571,726.0,19.0,17.286,126.49,0.395,0.613,5.74,0.15,0.137,0.47,,,,,,,,,10074.0,204567.0,1.617,0.08,6614.0,0.052,0.012,85.3,people tested,,,47.22,126476458.0,347.778,48.2,27.049,18.493,39002.223,,79.37,5.72,11.2,33.7,,13.05,84.63,0.909
JPN,Asia,Japan,2020-05-14,16096.0,98.0,77.571,742.0,16.0,17.857,127.265,0.775,0.613,5.867,0.127,0.141,0.49,,,,,,,,,5866.0,210433.0,1.664,0.046,5594.0,0.044,0.014,72.1,people tested,,,40.74,126476458.0,347.778,48.2,27.049,18.493,39002.223,,79.37,5.72,11.2,33.7,,13.05,84.63,0.909
JPN,Asia,Japan,2020-05-15,16148.0,52.0,72.571,760.0,18.0,18.0,127.676,0.411,0.574,6.009,0.142,0.142,0.47,,,,,,,,,3092.0,213525.0,1.688,0.024,4510.0,0.036,0.016,62.1,people tested,,,40.74,126476458.0,347.778,48.2,27.049,18.493,39002.223,,79.37,5.72,11.2,33.7,,13.05,84.63,0.909
JPN,Asia,Japan,2020-05-16,16202.0,54.0,63.857,778.0,18.0,17.714,128.103,0.427,0.505,6.151,0.142,0.14,0.45,,,,,,,,,4337.0,217862.0,1.723,0.034,4806.0,0.038,0.013,75.3,people tested,,,40.74,126476458.0,347.778,48.2,27.049,18.493,39002.223,,79.37,5.72,11.2,33.7,,13.05,84.63,0.909
JPN,Asia,Japan,2020-05-17,16226.0,24.0,57.429,787.0,9.0,17.286,128.293,0.19,0.454,6.223,0.071,0.137,0.43,,,,,,,,,4987.0,222849.0,1.762,0.039,4948.0,0.039,0.012,86.2,people tested,,,40.74,126476458.0,347.778,48.2,27.049,18.493,39002.223,,79.37,5.72,11.2,33.7,,13.05,84.63,0.909
JPN,Asia,Japan,2020-05-18,16259.0,33.0,56.857,796.0,9.0,15.857,128.554,0.261,0.45,6.294,0.071,0.125,0.44,,,,,,,,,5980.0,228829.0,1.809,0.047,4946.0,0.039,0.011,87.0,people tested,,,40.74,126476458.0,347.778,48.2,27.049,18.493,39002.223,,79.37,5.72,11.2,33.7,,13.05,84.63,0.909
JPN,Asia,Japan,2020-05-19,16287.0,28.0,48.429,805.0,9.0,14.0,128.775,0.221,0.383,6.365,0.071,0.111,0.45,,,,,,,,,3221.0,232050.0,1.835,0.025,5365.0,0.042,0.009,110.8,people tested,,,40.74,126476458.0,347.778,48.2,27.049,18.493,39002.223,,79.37,5.72,11.2,33.7,,13.05,84.63,0.909
JPN,Asia,Japan,2020-05-20,16321.0,34.0,46.143,818.0,13.0,13.143,129.044,0.269,0.365,6.468,0.103,0.104,0.48,,,,,,,,,3669.0,235719.0,1.864,0.029,4450.0,0.035,0.01,96.4,people tested,,,40.74,126476458.0,347.778,48.2,27.049,18.493,39002.223,,79.37,5.72,11.2,33.7,,13.05,84.63,0.909
JPN,Asia,Japan,2020-05-21,16362.0,41.0,38.0,826.0,8.0,12.0,129.368,0.324,0.3,6.531,0.063,0.095,0.5,,,,,,,,,4580.0,240299.0,1.9,0.036,4267.0,0.034,0.009,112.3,people tested,,,40.74,126476458.0,347.778,48.2,27.049,18.493,39002.223,,79.37,5.72,11.2,33.7,,13.05,84.63,0.909
JPN,Asia,Japan,2020-05-22,16385.0,23.0,33.857,836.0,10.0,10.857,129.55,0.182,0.268,6.61,0.079,0.086,0.52,,,,,,,,,3495.0,243794.0,1.928,0.028,4324.0,0.034,0.008,127.7,people tested,,,40.74,126476458.0,347.778,48.2,27.049,18.493,39002.223,,79.37,5.72,11.2,33.7,,13.05,84.63,0.909
JPN,Asia,Japan,2020-05-23,16410.0,25.0,29.714,845.0,9.0,9.571,129.747,0.198,0.235,6.681,0.071,0.076,0.56,,,,,,,,,2769.0,246563.0,1.949,0.022,4100.0,0.032,0.007,138.0,people tested,,,40.74,126476458.0,347.778,48.2,27.049,18.493,39002.223,,79.37,5.72,11.2,33.7,,13.05,84.63,0.909
JPN,Asia,Japan,2020-05-24,16451.0,41.0,32.143,852.0,7.0,9.286,130.072,0.324,0.254,6.736,0.055,0.073,0.62,,,,,,,,,1252.0,247815.0,1.959,0.01,3567.0,0.028,0.009,111.0,people tested,,,40.74,126476458.0,347.778,48.2,27.049,18.493,39002.223,,79.37,5.72,11.2,33.7,,13.05,84.63,0.909
JPN,Asia,Japan,2020-05-25,16472.0,21.0,30.429,857.0,5.0,8.714,130.238,0.166,0.241,6.776,0.04,0.069,0.66,,,,,,,,,3620.0,251435.0,1.988,0.029,3229.0,0.026,0.009,106.1,people tested,,,31.48,126476458.0,347.778,48.2,27.049,18.493,39002.223,,79.37,5.72,11.2,33.7,,13.05,84.63,0.909
JPN,Asia,Japan,2020-05-26,16502.0,30.0,30.714,863.0,6.0,8.286,130.475,0.237,0.243,6.823,0.047,0.066,0.73,,,,,,,,,2994.0,254429.0,2.012,0.024,3197.0,0.025,0.01,104.1,people tested,,,34.26,126476458.0,347.778,48.2,27.049,18.493,39002.223,,79.37,5.72,11.2,33.7,,13.05,84.63,0.909
JPN,Asia,Japan,2020-05-27,16528.0,26.0,29.571,870.0,7.0,7.429,130.68,0.206,0.234,6.879,0.055,0.059,0.82,,,,,,,,,3004.0,257433.0,2.035,0.024,3102.0,0.025,0.01,104.9,people tested,,,34.26,126476458.0,347.778,48.2,27.049,18.493,39002.223,,79.37,5.72,11.2,33.7,,13.05,84.63,0.909
JPN,Asia,Japan,2020-05-28,16598.0,70.0,33.714,881.0,11.0,7.857,131.234,0.553,0.267,6.966,0.087,0.062,0.94,,,,,,,,,3981.0,261414.0,2.067,0.031,3016.0,0.024,0.011,89.5,people tested,,,34.26,126476458.0,347.778,48.2,27.049,18.493,39002.223,,79.37,5.72,11.2,33.7,,13.05,84.63,0.909
JPN,Asia,Japan,2020-05-29,16673.0,75.0,41.143,887.0,6.0,7.286,131.827,0.593,0.325,7.013,0.047,0.058,0.97,,,,,,,,,3501.0,264915.0,2.095,0.028,3017.0,0.024,0.014,73.3,people tested,,,34.26,126476458.0,347.778,48.2,27.049,18.493,39002.223,,79.37,5.72,11.2,33.7,,13.05,84.63,0.909
JPN,Asia,Japan,2020-05-30,16716.0,43.0,43.714,894.0,7.0,7.0,132.167,0.34,0.346,7.069,0.055,0.055,0.93,,,,,,,,,2652.0,267567.0,2.116,0.021,3001.0,0.024,0.015,68.7,people tested,,,34.26,126476458.0,347.778,48.2,27.049,18.493,39002.223,,79.37,5.72,11.2,33.7,,13.05,84.63,0.909
JPN,Asia,Japan,2020-05-31,16751.0,35.0,42.857,898.0,4.0,6.571,132.444,0.277,0.339,7.1,0.032,0.052,0.9,,,,,,,,,1657.0,269224.0,2.129,0.013,3058.0,0.024,0.014,71.4,people tested,,,34.26,126476458.0,347.778,48.2,27.049,18.493,39002.223,,79.37,5.72,11.2,33.7,,13.05,84.63,0.909
JPN,Asia,Japan,2020-06-01,16787.0,36.0,45.0,899.0,1.0,6.0,132.728,0.285,0.356,7.108,0.008,0.047,0.9,,,,,,,,,3789.0,273013.0,2.159,0.03,3083.0,0.024,0.015,68.5,people tested,,,28.7,126476458.0,347.778,48.2,27.049,18.493,39002.223,,79.37,5.72,11.2,33.7,,13.05,84.63,0.909
JPN,Asia,Japan,2020-06-02,16837.0,50.0,47.857,902.0,3.0,5.571,133.124,0.395,0.378,7.132,0.024,0.044,0.91,,,,,,,,,4526.0,277539.0,2.194,0.036,3301.0,0.026,0.014,69.0,people tested,,,28.7,126476458.0,347.778,48.2,27.049,18.493,39002.223,,79.37,5.72,11.2,33.7,,13.05,84.63,0.909
JPN,Asia,Japan,2020-06-03,16867.0,30.0,48.429,905.0,3.0,5.0,133.361,0.237,0.383,7.155,0.024,0.04,0.9,,,,,,,,,3979.0,281518.0,2.226,0.031,3441.0,0.027,0.014,71.1,people tested,,,28.7,126476458.0,347.778,48.2,27.049,18.493,39002.223,,79.37,5.72,11.2,33.7,,13.05,84.63,0.909
JPN,Asia,Japan,2020-06-04,16911.0,44.0,44.714,911.0,6.0,4.286,133.709,0.348,0.354,7.203,0.047,0.034,0.93,,,,,,,,,4600.0,286118.0,2.262,0.036,3529.0,0.028,0.013,78.9,people tested,,,28.7,126476458.0,347.778,48.2,27.049,18.493,39002.223,,79.37,5.72,11.2,33.7,,13.05,84.63,0.909
JPN,Asia,Japan,2020-06-05,16958.0,47.0,40.714,916.0,5.0,4.143,134.08,0.372,0.322,7.242,0.04,0.033,0.94,,,,,,,,,4939.0,291057.0,2.301,0.039,3735.0,0.03,0.011,91.7,people tested,,,28.7,126476458.0,347.778,48.2,27.049,18.493,39002.223,,79.37,5.72,11.2,33.7,,13.05,84.63,0.909
JPN,Asia,Japan,2020-06-06,17000.0,42.0,40.571,915.0,-1.0,3.0,134.412,0.332,0.321,7.235,-0.008,0.024,0.94,,,,,,,,,3220.0,294277.0,2.327,0.025,3816.0,0.03,0.011,94.1,people tested,,,28.7,126476458.0,347.778,48.2,27.049,18.493,39002.223,,79.37,5.72,11.2,33.7,,13.05,84.63,0.909
JPN,Asia,Japan,2020-06-07,17039.0,39.0,41.143,917.0,2.0,2.714,134.721,0.308,0.325,7.25,0.016,0.021,0.94,,,,,,,,,1725.0,296002.0,2.34,0.014,3825.0,0.03,0.011,93.0,people tested,,,28.7,126476458.0,347.778,48.2,27.049,18.493,39002.223,,79.37,5.72,11.2,33.7,,13.05,84.63,0.909
JPN,Asia,Japan,2020-06-08,17060.0,21.0,39.0,920.0,3.0,3.0,134.887,0.166,0.308,7.274,0.024,0.024,0.95,,,,,,,,,4516.0,300518.0,2.376,0.036,3929.0,0.031,0.01,100.7,people tested,,,28.7,126476458.0,347.778,48.2,27.049,18.493,39002.223,,79.37,5.72,11.2,33.7,,13.05,84.63,0.909
JPN,Asia,Japan,2020-06-09,17111.0,51.0,39.143,920.0,0.0,2.571,135.29,0.403,0.309,7.274,0.0,0.02,1.01,,,,,,,,,4600.0,305118.0,2.412,0.036,3940.0,0.031,0.01,100.7,people tested,,,28.7,126476458.0,347.778,48.2,27.049,18.493,39002.223,,79.37,5.72,11.2,33.7,,13.05,84.63,0.909
JPN,Asia,Japan,2020-06-10,17146.0,35.0,39.857,922.0,2.0,2.429,135.567,0.277,0.315,7.29,0.016,0.019,1.04,,,,,,,,,5092.0,310210.0,2.453,0.04,4099.0,0.032,0.01,102.8,people tested,,,28.7,126476458.0,347.778,48.2,27.049,18.493,39002.223,,79.37,5.72,11.2,33.7,,13.05,84.63,0.909
JPN,Asia,Japan,2020-06-11,17187.0,41.0,39.429,922.0,0.0,1.571,135.891,0.324,0.312,7.29,0.0,0.012,1.09,,,,,,,,,4573.0,314783.0,2.489,0.036,4095.0,0.032,0.01,103.9,people tested,,,28.7,126476458.0,347.778,48.2,27.049,18.493,39002.223,,79.37,5.72,11.2,33.7,,13.05,84.63,0.909
JPN,Asia,Japan,2020-06-12,17250.0,63.0,41.714,924.0,2.0,1.143,136.389,0.498,0.33,7.306,0.016,0.009,1.16,,,,,,,,,5145.0,319928.0,2.53,0.041,4124.0,0.033,0.01,98.9,people tested,,,28.7,126476458.0,347.778,48.2,27.049,18.493,39002.223,,79.37,5.72,11.2,33.7,,13.05,84.63,0.909
JPN,Asia,Japan,2020-06-13,17293.0,43.0,41.857,927.0,3.0,1.714,136.729,0.34,0.331,7.329,0.024,0.014,1.18,,,,,,,,,2633.0,322561.0,2.55,0.021,4041.0,0.032,0.01,96.5,people tested,,,28.7,126476458.0,347.778,48.2,27.049,18.493,39002.223,,79.37,5.72,11.2,33.7,,13.05,84.63,0.909
JPN,Asia,Japan,2020-06-14,17369.0,76.0,47.143,927.0,0.0,1.429,137.33,0.601,0.373,7.329,0.0,0.011,1.23,,,,,,,,,1451.0,324012.0,2.562,0.011,4001.0,0.032,0.012,84.9,people tested,,,28.7,126476458.0,347.778,48.2,27.049,18.493,39002.223,,79.37,5.72,11.2,33.7,,13.05,84.63,0.909
JPN,Asia,Japan,2020-06-15,17439.0,70.0,54.143,929.0,2.0,1.286,137.883,0.553,0.428,7.345,0.016,0.01,1.21,,,,,,,,,4300.0,328312.0,2.596,0.034,3971.0,0.031,0.014,73.3,people tested,,,28.7,126476458.0,347.778,48.2,27.049,18.493,39002.223,,79.37,5.72,11.2,33.7,,13.05,84.63,0.909
JPN,Asia,Japan,2020-06-16,17484.0,45.0,53.286,934.0,5.0,2.0,138.239,0.356,0.421,7.385,0.04,0.016,1.16,,,,,,,,,4462.0,332774.0,2.631,0.035,3951.0,0.031,0.013,74.1,people tested,,,28.7,126476458.0,347.778,48.2,27.049,18.493,39002.223,,79.37,5.72,11.2,33.7,,13.05,84.63,0.909
JPN,Asia,Japan,2020-06-17,17530.0,46.0,54.857,935.0,1.0,1.857,138.603,0.364,0.434,7.393,0.008,0.015,1.15,,,,,,,,,1348.0,334122.0,2.642,0.011,3416.0,0.027,0.016,62.3,people tested,,,28.7,126476458.0,347.778,48.2,27.049,18.493,39002.223,,79.37,5.72,11.2,33.7,,13.05,84.63,0.909
JPN,Asia,Japan,2020-06-18,17588.0,58.0,57.286,935.0,0.0,1.857,139.061,0.459,0.453,7.393,0.0,0.015,1.17,,,,,,,,,6176.0,340298.0,2.691,0.049,3645.0,0.029,0.016,63.6,people tested,,,28.7,126476458.0,347.778,48.2,27.049,18.493,39002.223,,79.37,5.72,11.2,33.7,,13.05,84.63,0.909
JPN,Asia,Japan,2020-06-19,17658.0,70.0,58.286,951.0,16.0,3.857,139.615,0.553,0.461,7.519,0.127,0.03,1.19,,,,,,,,,4823.0,345121.0,2.729,0.038,3599.0,0.028,0.016,61.7,people tested,,,28.7,126476458.0,347.778,48.2,27.049,18.493,39002.223,,79.37,5.72,11.2,33.7,,13.05,84.63,0.909
JPN,Asia,Japan,2020-06-20,17725.0,67.0,61.714,955.0,4.0,4.0,140.145,0.53,0.488,7.551,0.032,0.032,1.19,,,,,,,,,2474.0,347595.0,2.748,0.02,3576.0,0.028,0.017,57.9,people tested,,,28.7,126476458.0,347.778,48.2,27.049,18.493,39002.223,,79.37,5.72,11.2,33.7,,13.05,84.63,0.909
JPN,Asia,Japan,2020-06-21,17780.0,55.0,58.714,955.0,0.0,4.0,140.58,0.435,0.464,7.551,0.0,0.032,1.18,,,,,,,,,4127.0,351722.0,2.781,0.033,3959.0,0.031,0.015,67.4,people tested,,,25.93,126476458.0,347.778,48.2,27.049,18.493,39002.223,,79.37,5.72,11.2,33.7,,13.05,84.63,0.909
JPN,Asia,Japan,2020-06-22,17820.0,40.0,54.429,955.0,0.0,3.714,140.896,0.316,0.43,7.551,0.0,0.029,1.2,,,,,,,,,5376.0,357098.0,2.823,0.043,4112.0,0.033,0.013,75.5,people tested,,,25.93,126476458.0,347.778,48.2,27.049,18.493,39002.223,,79.37,5.72,11.2,33.7,,13.05,84.63,0.909
JPN,Asia,Japan,2020-06-23,17879.0,59.0,56.429,965.0,10.0,4.429,141.362,0.466,0.446,7.63,0.079,0.035,1.27,,,,,,,,,3722.0,360820.0,2.853,0.029,4007.0,0.032,0.014,71.0,people tested,,,25.93,126476458.0,347.778,48.2,27.049,18.493,39002.223,,79.37,5.72,11.2,33.7,,13.05,84.63,0.909
JPN,Asia,Japan,2020-06-24,17963.0,84.0,61.857,967.0,2.0,4.571,142.026,0.664,0.489,7.646,0.016,0.036,1.36,,,,,,,,,4979.0,365799.0,2.892,0.039,4525.0,0.036,0.014,73.2,people tested,,,25.93,126476458.0,347.778,48.2,27.049,18.493,39002.223,,79.37,5.72,11.2,33.7,,13.05,84.63,0.909
JPN,Asia,Japan,2020-06-25,18055.0,92.0,66.714,971.0,4.0,5.143,142.754,0.727,0.527,7.677,0.032,0.041,1.42,,,,,,,,,4455.0,370254.0,2.927,0.035,4279.0,0.034,0.016,64.1,people tested,,,25.93,126476458.0,347.778,48.2,27.049,18.493,39002.223,,79.37,5.72,11.2,33.7,,13.05,84.63,0.909
JPN,Asia,Japan,2020-06-26,18162.0,107.0,72.0,971.0,0.0,2.857,143.6,0.846,0.569,7.677,0.0,0.023,1.47,,,,,,,,,4758.0,375012.0,2.965,0.038,4270.0,0.034,0.017,59.3,people tested,,,25.93,126476458.0,347.778,48.2,27.049,18.493,39002.223,,79.37,5.72,11.2,33.7,,13.05,84.63,0.909
JPN,Asia,Japan,2020-06-27,18254.0,92.0,75.571,971.0,0.0,2.286,144.327,0.727,0.598,7.677,0.0,0.018,1.49,,,,,,,,,3533.0,378545.0,2.993,0.028,4421.0,0.035,0.017,58.5,people tested,,,25.93,126476458.0,347.778,48.2,27.049,18.493,39002.223,,79.37,5.72,11.2,33.7,,13.05,84.63,0.909
JPN,Asia,Japan,2020-06-28,18366.0,112.0,83.714,972.0,1.0,2.429,145.213,0.886,0.662,7.685,0.008,0.019,1.54,,,,,,,,,1513.0,380058.0,3.005,0.012,4048.0,0.032,0.021,48.4,people tested,,,25.93,126476458.0,347.778,48.2,27.049,18.493,39002.223,,79.37,5.72,11.2,33.7,,13.05,84.63,0.909
JPN,Asia,Japan,2020-06-29,18476.0,110.0,93.714,972.0,0.0,2.429,146.083,0.87,0.741,7.685,0.0,0.019,1.58,,,,,,,,,5510.0,385568.0,3.049,0.044,4067.0,0.032,0.023,43.4,people tested,,,25.93,126476458.0,347.778,48.2,27.049,18.493,39002.223,,79.37,5.72,11.2,33.7,,13.05,84.63,0.909
JPN,Asia,Japan,2020-06-30,18615.0,139.0,105.143,972.0,0.0,1.0,147.182,1.099,0.831,7.685,0.0,0.008,1.65,,,,,,,,,4651.0,390219.0,3.085,0.037,4200.0,0.033,0.025,39.9,people tested,,,25.93,126476458.0,347.778,48.2,27.049,18.493,39002.223,,79.37,5.72,11.2,33.7,,13.05,84.63,0.909
JPN,Asia,Japan,2020-07-01,18838.0,223.0,125.0,976.0,4.0,1.286,148.945,1.763,0.988,7.717,0.032,0.01,1.71,,,,,,,,,6564.0,396783.0,3.137,0.052,4426.0,0.035,0.028,35.4,people tested,,,25.93,126476458.0,347.778,48.2,27.049,18.493,39002.223,,79.37,5.72,11.2,33.7,,13.05,84.63,0.909
JPN,Asia,Japan,2020-07-02,19055.0,217.0,142.857,977.0,1.0,0.857,150.66,1.716,1.13,7.725,0.008,0.007,1.68,,,,,,,,,5460.0,402243.0,3.18,0.043,4570.0,0.036,0.031,32.0,people tested,,,25.93,126476458.0,347.778,48.2,27.049,18.493,39002.223,,79.37,5.72,11.2,33.7,,13.05,84.63,0.909
JPN,Asia,Japan,2020-07-03,19185.0,130.0,146.143,977.0,0.0,0.857,151.688,1.028,1.155,7.725,0.0,0.007,1.62,,,,,,,,,6597.0,408840.0,3.233,0.052,4833.0,0.038,0.03,33.1,people tested,,,25.93,126476458.0,347.778,48.2,27.049,18.493,39002.223,,79.37,5.72,11.2,33.7,,13.05,84.63,0.909
JPN,Asia,Japan,2020-07-04,19461.0,276.0,172.429,977.0,0.0,0.857,153.871,2.182,1.363,7.725,0.0,0.007,1.63,,,,,,,,,3134.0,411974.0,3.257,0.025,4776.0,0.038,0.036,27.7,people tested,,,25.93,126476458.0,347.778,48.2,27.049,18.493,39002.223,,79.37,5.72,11.2,33.7,,13.05,84.63,0.909
JPN,Asia,Japan,2020-07-05,19668.0,207.0,186.0,977.0,0.0,0.714,155.507,1.637,1.471,7.725,0.0,0.006,1.57,,,,,,,,,2618.0,414592.0,3.278,0.021,4933.0,0.039,0.038,26.5,people tested,,,25.93,126476458.0,347.778,48.2,27.049,18.493,39002.223,,79.37,5.72,11.2,33.7,,13.05,84.63,0.909
JPN,Asia,Japan,2020-07-06,19848.0,180.0,196.0,978.0,1.0,0.857,156.93,1.423,1.55,7.733,0.008,0.007,1.53,,,,,,,,,8228.0,422820.0,3.343,0.065,5322.0,0.042,0.037,27.2,people tested,,,25.93,126476458.0,347.778,48.2,27.049,18.493,39002.223,,79.37,5.72,11.2,33.7,,13.05,84.63,0.909
JPN,Asia,Japan,2020-07-07,20055.0,207.0,205.714,981.0,3.0,1.286,158.567,1.637,1.627,7.756,0.024,0.01,1.53,,,,,,,,,7099.0,429919.0,3.399,0.056,5671.0,0.045,0.036,27.6,people tested,,,25.93,126476458.0,347.778,48.2,27.049,18.493,39002.223,,79.37,5.72,11.2,33.7,,13.05,84.63,0.909
JPN,Asia,Japan,2020-07-08,20261.0,206.0,203.286,982.0,1.0,0.857,160.196,1.629,1.607,7.764,0.008,0.007,1.57,,,,,,,,,7725.0,437644.0,3.46,0.061,5837.0,0.046,0.035,28.7,people tested,,,25.93,126476458.0,347.778,48.2,27.049,18.493,39002.223,,79.37,5.72,11.2,33.7,,13.05,84.63,0.909
JPN,Asia,Japan,2020-07-09,20617.0,356.0,223.143,982.0,0.0,0.714,163.011,2.815,1.764,7.764,0.0,0.006,1.64,,,,,,,,,7700.0,445344.0,3.521,0.061,6157.0,0.049,0.036,27.6,people tested,,,25.93,126476458.0,347.778,48.2,27.049,18.493,39002.223,,79.37,5.72,11.2,33.7,,13.05,84.63,0.909
JPN,Asia,Japan,2020-07-10,21044.0,427.0,265.571,982.0,0.0,0.714,166.387,3.376,2.1,7.764,0.0,0.006,1.66,,,,,,,,,8955.0,454299.0,3.592,0.071,6494.0,0.051,0.041,24.5,people tested,,,25.93,126476458.0,347.778,48.2,27.049,18.493,39002.223,,79.37,5.72,11.2,33.7,,13.05,84.63,0.909
JPN,Asia,Japan,2020-07-11,21430.0,386.0,281.286,982.0,0.0,0.714,169.439,3.052,2.224,7.764,0.0,0.006,1.62,,,,,,,,,5362.0,459661.0,3.634,0.042,6812.0,0.054,0.041,24.2,people tested,,,25.93,126476458.0,347.778,48.2,27.049,18.493,39002.223,,79.37,5.72,11.2,33.7,,13.05,84.63,0.909
JPN,Asia,Japan,2020-07-12,21841.0,411.0,310.429,983.0,1.0,0.857,172.688,3.25,2.454,7.772,0.008,0.007,1.58,,,,,,,,,1838.0,461499.0,3.649,0.015,6701.0,0.053,0.046,21.6,people tested,,,25.93,126476458.0,347.778,48.2,27.049,18.493,39002.223,,79.37,5.72,11.2,33.7,,13.05,84.63,0.909
JPN,Asia,Japan,2020-07-13,22125.0,284.0,325.286,984.0,1.0,0.857,174.934,2.245,2.572,7.78,0.008,0.007,1.53,,,,,,,,,10552.0,472051.0,3.732,0.083,7033.0,0.056,0.046,21.6,people tested,,,25.93,126476458.0,347.778,48.2,27.049,18.493,39002.223,,79.37,5.72,11.2,33.7,,13.05,84.63,0.909
JPN,Asia,Japan,2020-07-14,22437.0,312.0,340.286,984.0,0.0,0.429,177.401,2.467,2.691,7.78,0.0,0.003,1.54,,,,,,,,,11154.0,483205.0,3.821,0.088,7612.0,0.06,0.045,22.4,people tested,,,25.93,126476458.0,347.778,48.2,27.049,18.493,39002.223,,79.37,5.72,11.2,33.7,,13.05,84.63,0.909
JPN,Asia,Japan,2020-07-15,23172.0,735.0,415.857,984.0,0.0,0.286,183.212,5.811,3.288,7.78,0.0,0.002,1.61,,,,,,,,,11343.0,494548.0,3.91,0.09,8129.0,0.064,0.051,19.5,people tested,,,25.93,126476458.0,347.778,48.2,27.049,18.493,39002.223,,79.37,5.72,11.2,33.7,,13.05,84.63,0.909
JPN,Asia,Japan,2020-07-16,23510.0,338.0,413.286,985.0,1.0,0.429,185.884,2.672,3.268,7.788,0.008,0.003,1.55,,,,,,,,,16683.0,511231.0,4.042,0.132,9412.0,0.074,0.044,22.8,people tested,,,25.93,126476458.0,347.778,48.2,27.049,18.493,39002.223,,79.37,5.72,11.2,33.7,,13.05,84.63,0.909
JPN,Asia,Japan,2020-07-17,24104.0,594.0,437.143,985.0,0.0,0.429,190.581,4.697,3.456,7.788,0.0,0.003,1.56,,,,,,,,,12994.0,524225.0,4.145,0.103,9989.0,0.079,0.044,22.9,people tested,,,25.93,126476458.0,347.778,48.2,27.049,18.493,39002.223,,79.37,5.72,11.2,33.7,,13.05,84.63,0.909
JPN,Asia,Japan,2020-07-18,24946.0,842.0,502.286,986.0,1.0,0.571,197.238,6.657,3.971,7.796,0.008,0.005,1.55,,,,,,,,,7166.0,531391.0,4.202,0.057,10247.0,0.081,0.049,20.4,people tested,,,25.93,126476458.0,347.778,48.2,27.049,18.493,39002.223,,79.37,5.72,11.2,33.7,,13.05,84.63,0.909
JPN,Asia,Japan,2020-07-19,25446.0,500.0,515.0,986.0,0.0,0.429,201.192,3.953,4.072,7.796,0.0,0.003,1.46,,,,,,,,,3262.0,534653.0,4.227,0.026,10451.0,0.083,0.049,20.3,people tested,,,25.93,126476458.0,347.778,48.2,27.049,18.493,39002.223,,79.37,5.72,11.2,33.7,,13.05,84.63,0.909
JPN,Asia,Japan,2020-07-20,25706.0,260.0,511.571,988.0,2.0,0.571,203.247,2.056,4.045,7.812,0.016,0.005,1.41,,,,,,,,,15959.0,550612.0,4.353,0.126,11223.0,0.089,0.046,21.9,people tested,,,25.93,126476458.0,347.778,48.2,27.049,18.493,39002.223,,79.37,5.72,11.2,33.7,,13.05,84.63,0.909
JPN,Asia,Japan,2020-07-21,26463.0,757.0,575.143,988.0,0.0,0.571,209.233,5.985,4.547,7.812,0.0,0.005,1.46,,,,,,,,,12114.0,562726.0,4.449,0.096,11360.0,0.09,0.051,19.8,people tested,,,25.93,126476458.0,347.778,48.2,27.049,18.493,39002.223,,79.37,5.72,11.2,33.7,,13.05,84.63,0.909
JPN,Asia,Japan,2020-07-22,27136.0,673.0,566.286,990.0,2.0,0.857,214.554,5.321,4.477,7.828,0.016,0.007,1.47,,,,,,,,,16357.0,579083.0,4.579,0.129,12076.0,0.095,0.047,21.3,people tested,,,25.93,126476458.0,347.778,48.2,27.049,18.493,39002.223,,79.37,5.72,11.2,33.7,,13.05,84.63,0.909
JPN,Asia,Japan,2020-07-23,28114.0,978.0,657.714,992.0,2.0,1.0,222.286,7.733,5.2,7.843,0.016,0.008,1.49,,,,,,,,,8310.0,587393.0,4.644,0.066,10880.0,0.086,0.06,16.5,people tested,,,30.56,126476458.0,347.778,48.2,27.049,18.493,39002.223,,79.37,5.72,11.2,33.7,,13.05,84.63,0.909
JPN,Asia,Japan,2020-07-24,28883.0,769.0,682.714,994.0,2.0,1.286,228.367,6.08,5.398,7.859,0.016,0.01,1.45,,,,,,,,,5695.0,593088.0,4.689,0.045,9838.0,0.078,0.069,14.4,people tested,,,30.56,126476458.0,347.778,48.2,27.049,18.493,39002.223,,79.37,5.72,11.2,33.7,,13.05,84.63,0.909
JPN,Asia,Japan,2020-07-25,29684.0,801.0,676.857,996.0,2.0,1.429,234.7,6.333,5.352,7.875,0.016,0.011,1.43,,,,,,,,,9530.0,602618.0,4.765,0.075,10175.0,0.08,0.067,15.0,people tested,,,30.56,126476458.0,347.778,48.2,27.049,18.493,39002.223,,79.37,5.72,11.2,33.7,,13.05,84.63,0.909
JPN,Asia,Japan,2020-07-26,30548.0,864.0,728.857,998.0,2.0,1.714,241.531,6.831,5.763,7.891,0.016,0.014,1.42,,,,,,,,,3785.0,606403.0,4.795,0.03,10250.0,0.081,0.071,14.1,people tested,,,34.26,126476458.0,347.778,48.2,27.049,18.493,39002.223,,79.37,5.72,11.2,33.7,,13.05,84.63,0.909
JPN,Asia,Japan,2020-07-27,31142.0,594.0,776.571,998.0,0.0,1.429,246.228,4.697,6.14,7.891,0.0,0.011,1.41,,,,,,,,,24182.0,630585.0,4.986,0.191,11425.0,0.09,0.068,14.7,people tested,,,34.26,126476458.0,347.778,48.2,27.049,18.493,39002.223,,79.37,5.72,11.2,33.7,,13.05,84.63,0.909
JPN,Asia,Japan,2020-07-28,32116.0,974.0,807.571,1001.0,3.0,1.857,253.929,7.701,6.385,7.915,0.024,0.015,1.46,,,,,,,,,18086.0,648671.0,5.129,0.143,12278.0,0.097,0.066,15.2,people tested,,,34.26,126476458.0,347.778,48.2,27.049,18.493,39002.223,,79.37,5.72,11.2,33.7,,13.05,84.63,0.909
JPN,Asia,Japan,2020-07-29,33382.0,1266.0,892.286,1001.0,0.0,1.571,263.938,10.01,7.055,7.915,0.0,0.012,1.51,,,,,,,,,18669.0,667340.0,5.276,0.148,12608.0,0.1,0.071,14.1,people tested,,,34.26,126476458.0,347.778,48.2,27.049,18.493,39002.223,,79.37,5.72,11.2,33.7,,13.05,84.63,0.909
JPN,Asia,Japan,2020-07-30,35144.0,1762.0,1004.286,1007.0,6.0,2.143,277.87,13.931,7.94,7.962,0.047,0.017,1.52,,,,,,,,,19687.0,687027.0,5.432,0.156,14233.0,0.113,0.071,14.2,people tested,,,34.26,126476458.0,347.778,48.2,27.049,18.493,39002.223,,79.37,5.72,11.2,33.7,,13.05,84.63,0.909
JPN,Asia,Japan,2020-07-31,36234.0,1090.0,1050.143,1008.0,1.0,2.0,286.488,8.618,8.303,7.97,0.008,0.016,1.45,,,,,,,,,17354.0,704381.0,5.569,0.137,15899.0,0.126,0.066,15.1,people tested,,,34.26,126476458.0,347.778,48.2,27.049,18.493,39002.223,,79.37,5.72,11.2,33.7,,13.05,84.63,0.909
JPN,Asia,Japan,2020-08-01,37804.0,1570.0,1160.0,1012.0,4.0,2.286,298.901,12.413,9.172,8.001,0.032,0.018,1.4,,,,,,,,,9606.0,713987.0,5.645,0.076,15910.0,0.126,0.073,13.7,people tested,,,34.26,126476458.0,347.778,48.2,27.049,18.493,39002.223,,79.37,5.72,11.2,33.7,,13.05,84.63,0.909
JPN,Asia,Japan,2020-08-02,39116.0,1312.0,1224.0,1013.0,1.0,2.143,309.275,10.373,9.678,8.009,0.008,0.017,1.33,,,,,,,,,10599.0,724586.0,5.729,0.084,16883.0,0.133,0.072,13.8,people tested,,,34.26,126476458.0,347.778,48.2,27.049,18.493,39002.223,,79.37,5.72,11.2,33.7,,13.05,84.63,0.909
JPN,Asia,Japan,2020-08-03,40099.0,983.0,1279.571,1018.0,5.0,2.857,317.047,7.772,10.117,8.049,0.04,0.023,1.26,,,,,,,,,25794.0,750380.0,5.933,0.204,17114.0,0.135,0.075,13.4,people tested,,,34.26,126476458.0,347.778,48.2,27.049,18.493,39002.223,,79.37,5.72,11.2,33.7,,13.05,84.63,0.909
JPN,Asia,Japan,2020-08-04,41347.0,1248.0,1318.714,1023.0,5.0,3.143,326.915,9.867,10.427,8.088,0.04,0.025,1.24,,,,,,,,,18740.0,769120.0,6.081,0.148,17207.0,0.136,0.077,13.0,people tested,,,34.26,126476458.0,347.778,48.2,27.049,18.493,39002.223,,79.37,5.72,11.2,33.7,,13.05,84.63,0.909
JPN,Asia,Japan,2020-08-05,42686.0,1339.0,1329.143,1028.0,5.0,3.857,337.502,10.587,10.509,8.128,0.04,0.03,1.22,,,,,,,,,39723.0,808843.0,6.395,0.314,20215.0,0.16,0.066,15.2,people tested,,,34.26,126476458.0,347.778,48.2,27.049,18.493,39002.223,,79.37,5.72,11.2,33.7,,13.05,84.63,0.909
JPN,Asia,Japan,2020-08-06,44167.0,1481.0,1289.0,1034.0,6.0,3.857,349.211,11.71,10.192,8.175,0.047,0.03,1.21,,,,,,,,,22015.0,830858.0,6.569,0.174,20547.0,0.162,0.063,15.9,people tested,,,32.41,126476458.0,347.778,48.2,27.049,18.493,39002.223,,79.37,5.72,11.2,33.7,,13.05,84.63,0.909
JPN,Asia,Japan,2020-08-07,45764.0,1597.0,1361.429,1042.0,8.0,4.857,361.838,12.627,10.764,8.239,0.063,0.038,1.18,,,,,,,,,22698.0,853556.0,6.749,0.179,21311.0,0.168,0.064,15.7,people tested,,,32.41,126476458.0,347.778,48.2,27.049,18.493,39002.223,,79.37,5.72,11.2,33.7,,13.05,84.63,0.909
JPN,Asia,Japan,2020-08-08,47342.0,1578.0,1362.571,1042.0,0.0,4.286,374.315,12.477,10.773,8.239,0.0,0.034,1.13,,,,,,,,,13676.0,867232.0,6.857,0.108,21892.0,0.173,0.062,16.1,people tested,,,32.41,126476458.0,347.778,48.2,27.049,18.493,39002.223,,79.37,5.72,11.2,33.7,,13.05,84.63,0.909
JPN,Asia,Japan,2020-08-09,48782.0,1440.0,1380.857,1047.0,5.0,4.857,385.7,11.386,10.918,8.278,0.04,0.038,1.05,,,,,,,,,13336.0,880568.0,6.962,0.105,22283.0,0.176,0.062,16.1,people tested,,,32.41,126476458.0,347.778,48.2,27.049,18.493,39002.223,,79.37,5.72,11.2,33.7,,13.05,84.63,0.909
JPN,Asia,Japan,2020-08-10,49617.0,835.0,1359.714,1052.0,5.0,4.857,392.302,6.602,10.751,8.318,0.04,0.038,0.97,,,,,,,,,6440.0,887008.0,7.013,0.051,19518.0,0.154,0.07,14.4,people tested,,,32.41,126476458.0,347.778,48.2,27.049,18.493,39002.223,,79.37,5.72,11.2,33.7,,13.05,84.63,0.909
JPN,Asia,Japan,2020-08-11,50302.0,685.0,1279.286,1058.0,6.0,5.0,397.718,5.416,10.115,8.365,0.047,0.04,0.93,,,,,,,,,32939.0,919947.0,7.274,0.26,21547.0,0.17,0.059,16.8,people tested,,,32.41,126476458.0,347.778,48.2,27.049,18.493,39002.223,,79.37,5.72,11.2,33.7,,13.05,84.63,0.909
JPN,Asia,Japan,2020-08-12,51288.0,986.0,1228.857,1066.0,8.0,5.429,405.514,7.796,9.716,8.428,0.063,0.043,0.94,,,,,,,,,25782.0,945729.0,7.478,0.204,19555.0,0.155,0.063,15.9,people tested,,,32.41,126476458.0,347.778,48.2,27.049,18.493,39002.223,,79.37,5.72,11.2,33.7,,13.05,84.63,0.909
JPN,Asia,Japan,2020-08-13,52471.0,1183.0,1186.286,1073.0,7.0,5.571,414.868,9.354,9.379,8.484,0.055,0.044,0.96,,,,,,,,,21062.0,966791.0,7.644,0.167,19419.0,0.154,0.061,16.4,people tested,,,32.41,126476458.0,347.778,48.2,27.049,18.493,39002.223,,79.37,5.72,11.2,33.7,,13.05,84.63,0.909
JPN,Asia,Japan,2020-08-14,53818.0,1347.0,1150.571,1080.0,7.0,5.429,425.518,10.65,9.097,8.539,0.055,0.043,0.97,,,,,,,,,55240.0,1022031.0,8.081,0.437,24068.0,0.19,0.048,20.9,people tested,,,32.41,126476458.0,347.778,48.2,27.049,18.493,39002.223,,79.37,5.72,11.2,33.7,,13.05,84.63,0.909
JPN,Asia,Japan,2020-08-15,55051.0,1233.0,1101.286,1093.0,13.0,7.286,435.267,9.749,8.707,8.642,0.103,0.058,0.95,,,,,,,,,11750.0,1033781.0,8.174,0.093,23793.0,0.188,0.046,21.6,people tested,,,32.41,126476458.0,347.778,48.2,27.049,18.493,39002.223,,79.37,5.72,11.2,33.7,,13.05,84.63,0.909
JPN,Asia,Japan,2020-08-16,56074.0,1023.0,1041.714,1103.0,10.0,8.0,443.355,8.088,8.236,8.721,0.079,0.063,0.91,,,,,,,,,7438.0,1041219.0,8.233,0.059,22950.0,0.181,0.045,22.0,people tested,,,32.41,126476458.0,347.778,48.2,27.049,18.493,39002.223,,79.37,5.72,11.2,33.7,,13.05,84.63,0.909
JPN,Asia,Japan,2020-08-17,56717.0,643.0,1014.286,1112.0,9.0,8.571,448.439,5.084,8.02,8.792,0.071,0.068,0.88,,,,,,,,,25835.0,1067054.0,8.437,0.204,25721.0,0.203,0.039,25.4,people tested,,,32.41,126476458.0,347.778,48.2,27.049,18.493,39002.223,,79.37,5.72,11.2,33.7,,13.05,84.63,0.909
JPN,Asia,Japan,2020-08-18,57636.0,919.0,1047.714,1135.0,23.0,11.0,455.705,7.266,8.284,8.974,0.182,0.087,0.89,,,,,,,,,21130.0,1088184.0,8.604,0.167,24034.0,0.19,0.044,22.9,people tested,,,32.41,126476458.0,347.778,48.2,27.049,18.493,39002.223,,79.37,5.72,11.2,33.7,,13.05,84.63,0.909
JPN,Asia,Japan,2020-08-19,58728.0,1092.0,1062.857,1148.0,13.0,11.714,464.339,8.634,8.404,9.077,0.103,0.093,0.91,,,,,,,,,21937.0,1110121.0,8.777,0.173,23485.0,0.186,0.045,22.1,people tested,,,32.41,126476458.0,347.778,48.2,27.049,18.493,39002.223,,79.37,5.72,11.2,33.7,,13.05,84.63,0.909
JPN,Asia,Japan,2020-08-20,59900.0,1172.0,1061.286,1157.0,9.0,12.0,473.606,9.267,8.391,9.148,0.071,0.095,0.91,,,,,,,,,21889.0,1132010.0,8.95,0.173,23603.0,0.187,0.045,22.2,people tested,,,32.41,126476458.0,347.778,48.2,27.049,18.493,39002.223,,79.37,5.72,11.2,33.7,,13.05,84.63,0.909
JPN,Asia,Japan,2020-08-21,60949.0,1049.0,1018.714,1175.0,18.0,13.571,481.9,8.294,8.055,9.29,0.142,0.107,0.89,,,,,,,,,21866.0,1153876.0,9.123,0.173,18835.0,0.149,0.054,18.5,people tested,,,32.41,126476458.0,347.778,48.2,27.049,18.493,39002.223,,79.37,5.72,11.2,33.7,,13.05,84.63,0.909
JPN,Asia,Japan,2020-08-22,61916.0,967.0,980.714,1179.0,4.0,12.286,489.546,7.646,7.754,9.322,0.032,0.097,0.86,,,,,,,,,13348.0,1167224.0,9.229,0.106,19063.0,0.151,0.051,19.4,people tested,,,32.41,126476458.0,347.778,48.2,27.049,18.493,39002.223,,79.37,5.72,11.2,33.7,,13.05,84.63,0.909
JPN,Asia,Japan,2020-08-23,62658.0,742.0,940.571,1188.0,9.0,12.143,495.412,5.867,7.437,9.393,0.071,0.096,0.82,,,,,,,,,10953.0,1178177.0,9.315,0.087,19565.0,0.155,0.048,20.8,people tested,,,32.41,126476458.0,347.778,48.2,27.049,18.493,39002.223,,79.37,5.72,11.2,33.7,,13.05,84.63,0.909
JPN,Asia,Japan,2020-08-24,63158.0,500.0,920.143,1201.0,13.0,12.714,499.366,3.953,7.275,9.496,0.103,0.101,0.8,,,,,,,,,22051.0,1200228.0,9.49,0.174,19025.0,0.15,0.048,20.7,people tested,,,32.41,126476458.0,347.778,48.2,27.049,18.493,39002.223,,79.37,5.72,11.2,33.7,,13.05,84.63,0.909
JPN,Asia,Japan,2020-08-25,63888.0,730.0,893.143,1219.0,18.0,12.0,505.137,5.772,7.062,9.638,0.142,0.095,0.82,,,,,,,,,18238.0,1218466.0,9.634,0.144,18612.0,0.147,0.048,20.8,people tested,,,32.41,126476458.0,347.778,48.2,27.049,18.493,39002.223,,79.37,5.72,11.2,33.7,,13.05,84.63,0.909
JPN,Asia,Japan,2020-08-26,64779.0,891.0,864.429,1230.0,11.0,11.714,512.182,7.045,6.835,9.725,0.087,0.093,0.84,,,,,,,,,19353.0,1237819.0,9.787,0.153,18243.0,0.144,0.047,21.1,people tested,,,32.41,126476458.0,347.778,48.2,27.049,18.493,39002.223,,79.37,5.72,11.2,33.7,,13.05,84.63,0.909
JPN,Asia,Japan,2020-08-27,65653.0,874.0,821.857,1241.0,11.0,12.0,519.093,6.91,6.498,9.812,0.087,0.095,0.85,,,,,,,,,21546.0,1259365.0,9.957,0.17,18194.0,0.144,0.045,22.1,people tested,,,32.41,126476458.0,347.778,48.2,27.049,18.493,39002.223,,79.37,5.72,11.2,33.7,,13.05,84.63,0.909
JPN,Asia,Japan,2020-08-28,66499.0,846.0,792.857,1251.0,10.0,10.857,525.782,6.689,6.269,9.891,0.079,0.086,0.84,,,,,,,,,18597.0,1277962.0,10.104,0.147,17727.0,0.14,0.045,22.4,people tested,,,32.41,126476458.0,347.778,48.2,27.049,18.493,39002.223,,79.37,5.72,11.2,33.7,,13.05,84.63,0.909
JPN,Asia,Japan,2020-08-29,67353.0,854.0,776.714,1271.0,20.0,13.143,532.534,6.752,6.141,10.049,0.158,0.104,0.83,,,,,,,,,12915.0,1290877.0,10.206,0.102,17665.0,0.14,0.044,22.7,people tested,,,32.41,126476458.0,347.778,48.2,27.049,18.493,39002.223,,79.37,5.72,11.2,33.7,,13.05,84.63,0.909
JPN,Asia,Japan,2020-08-30,67958.0,605.0,757.143,1285.0,14.0,13.857,537.317,4.783,5.986,10.16,0.111,0.11,0.79,,,,,,,,,9577.0,1300454.0,10.282,0.076,17468.0,0.138,0.043,23.1,people tested,,,32.41,126476458.0,347.778,48.2,27.049,18.493,39002.223,,79.37,5.72,11.2,33.7,,13.05,84.63,0.909
JPN,Asia,Japan,2020-08-31,68396.0,438.0,748.286,1298.0,13.0,13.857,540.78,3.463,5.916,10.263,0.103,0.11,0.77,,,,,,,,,21529.0,1321983.0,10.452,0.17,17394.0,0.138,0.043,23.2,people tested,,,32.41,126476458.0,347.778,48.2,27.049,18.493,39002.223,,79.37,5.72,11.2,33.7,,13.05,84.63,0.909
JPN,Asia,Japan,2020-09-01,69023.0,627.0,733.571,1313.0,15.0,13.429,545.738,4.957,5.8,10.381,0.119,0.106,0.78,,,,,,,,,18131.0,1340114.0,10.596,0.143,17378.0,0.137,0.042,23.7,people tested,,,32.41,126476458.0,347.778,48.2,27.049,18.493,39002.223,,79.37,5.72,11.2,33.7,,13.05,84.63,0.909
JPN,Asia,Japan,2020-09-02,69619.0,596.0,691.429,1327.0,14.0,13.857,550.45,4.712,5.467,10.492,0.111,0.11,0.79,,,,,,,,,24123.0,1364237.0,10.786,0.191,18060.0,0.143,0.038,26.1,people tested,,,32.41,126476458.0,347.778,48.2,27.049,18.493,39002.223,,79.37,5.72,11.2,33.7,,13.05,84.63,0.909
JPN,Asia,Japan,2020-09-03,70278.0,659.0,660.714,1334.0,7.0,13.286,555.661,5.21,5.224,10.547,0.055,0.105,0.8,,,,,,,,,22991.0,1387228.0,10.968,0.182,18266.0,0.144,0.036,27.6,people tested,,,32.41,126476458.0,347.778,48.2,27.049,18.493,39002.223,,79.37,5.72,11.2,33.7,,13.05,84.63,0.909
JPN,Asia,Japan,2020-09-04,70866.0,588.0,623.857,1352.0,18.0,14.429,560.31,4.649,4.933,10.69,0.142,0.114,0.79,,,,,,,,,15457.0,1402685.0,11.09,0.122,17818.0,0.141,0.035,28.6,people tested,,,32.41,126476458.0,347.778,48.2,27.049,18.493,39002.223,,79.37,5.72,11.2,33.7,,13.05,84.63,0.909
JPN,Asia,Japan,2020-09-05,71467.0,601.0,587.714,1361.0,9.0,12.857,565.062,4.752,4.647,10.761,0.071,0.102,0.79,,,,,,,,,11930.0,1414615.0,11.185,0.094,17677.0,0.14,0.033,30.1,people tested,,,32.41,126476458.0,347.778,48.2,27.049,18.493,39002.223,,79.37,5.72,11.2,33.7,,13.05,84.63,0.909
JPN,Asia,Japan,2020-09-06,71918.0,451.0,565.714,1366.0,5.0,11.571,568.628,3.566,4.473,10.8,0.04,0.091,0.78,,,,,,,,,4175.0,1418790.0,11.218,0.033,16905.0,0.134,0.033,29.9,people tested,,,32.41,126476458.0,347.778,48.2,27.049,18.493,39002.223,,79.37,5.72,11.2,33.7,,13.05,84.63,0.909
JPN,Asia,Japan,2020-09-07,72213.0,295.0,545.286,1377.0,11.0,11.286,570.96,2.332,4.311,10.887,0.087,0.089,0.78,,,,,,,,,24012.0,1442802.0,11.408,0.19,17260.0,0.136,0.032,31.7,people tested,,,32.41,126476458.0,347.778,48.2,27.049,18.493,39002.223,,79.37,5.72,11.2,33.7,,13.05,84.63,0.909
JPN,Asia,Japan,2020-09-08,72724.0,511.0,528.714,1398.0,21.0,12.143,575.0,4.04,4.18,11.053,0.166,0.096,0.82,,,,,,,,,14637.0,1457439.0,11.523,0.116,16761.0,0.133,0.032,31.7,people tested,,,32.41,126476458.0,347.778,48.2,27.049,18.493,39002.223,,79.37,5.72,11.2,33.7,,13.05,84.63,0.909
JPN,Asia,Japan,2020-09-09,73264.0,540.0,520.714,1412.0,14.0,12.143,579.27,4.27,4.117,11.164,0.111,0.096,0.86,,,,,,,,,23072.0,1480511.0,11.706,0.182,16611.0,0.131,0.031,31.9,people tested,,,32.41,126476458.0,347.778,48.2,27.049,18.493,39002.223,,79.37,5.72,11.2,33.7,,13.05,84.63,0.909
JPN,Asia,Japan,2020-09-10,73916.0,652.0,519.714,1416.0,4.0,11.714,584.425,5.155,4.109,11.196,0.032,0.093,0.9,,,,,,,,,22306.0,1502817.0,11.882,0.176,16513.0,0.131,0.031,31.8,people tested,,,38.89,126476458.0,347.778,48.2,27.049,18.493,39002.223,,79.37,5.72,11.2,33.7,,13.05,84.63,0.909
JPN,Asia,Japan,2020-09-11,74558.0,642.0,527.429,1428.0,12.0,10.857,589.501,5.076,4.17,11.291,0.095,0.086,0.91,,,,,,,,,16479.0,1519296.0,12.012,0.13,16659.0,0.132,0.032,31.6,people tested,,,38.89,126476458.0,347.778,48.2,27.049,18.493,39002.223,,79.37,5.72,11.2,33.7,,13.05,84.63,0.909
JPN,Asia,Japan,2020-09-12,75206.0,648.0,534.143,1441.0,13.0,11.429,594.624,5.123,4.223,11.393,0.103,0.09,0.9,,,,,,,,,10545.0,1529841.0,12.096,0.083,16461.0,0.13,0.032,30.8,people tested,,,38.89,126476458.0,347.778,48.2,27.049,18.493,39002.223,,79.37,5.72,11.2,33.7,,13.05,84.63,0.909
JPN,Asia,Japan,2020-09-13,75646.0,440.0,532.571,1448.0,7.0,11.714,598.103,3.479,4.211,11.449,0.055,0.093,0.87,,,,,,,,,472.0,1530313.0,12.1,0.004,15932.0,0.126,0.033,29.9,people tested,,,38.89,126476458.0,347.778,48.2,27.049,18.493,39002.223,,79.37,5.72,11.2,33.7,,13.05,84.63,0.909
JPN,Asia,Japan,2020-09-14,75914.0,268.0,528.714,1455.0,7.0,11.143,600.222,2.119,4.18,11.504,0.055,0.088,0.85,,,,,,,,,25446.0,1555759.0,12.301,0.201,16137.0,0.128,0.033,30.5,people tested,,,38.89,126476458.0,347.778,48.2,27.049,18.493,39002.223,,79.37,5.72,11.2,33.7,,13.05,84.63,0.909
JPN,Asia,Japan,2020-09-15,76446.0,532.0,531.714,1463.0,8.0,9.286,604.429,4.206,4.204,11.567,0.063,0.073,0.89,,,,,,,,,20163.0,1575922.0,12.46,0.159,16926.0,0.134,0.031,31.8,people tested,,,38.89,126476458.0,347.778,48.2,27.049,18.493,39002.223,,79.37,5.72,11.2,33.7,,13.05,84.63,0.909
JPN,Asia,Japan,2020-09-16,76997.0,551.0,533.286,1481.0,18.0,9.857,608.785,4.357,4.216,11.71,0.142,0.078,0.91,,,,,,,,,18314.0,1594236.0,12.605,0.145,16246.0,0.128,0.033,30.5,people tested,,,38.89,126476458.0,347.778,48.2,27.049,18.493,39002.223,,79.37,5.72,11.2,33.7,,13.05,84.63,0.909
JPN,Asia,Japan,2020-09-17,77488.0,491.0,510.286,1490.0,9.0,10.571,612.667,3.882,4.035,11.781,0.071,0.084,0.92,,,,,,,,,23313.0,1617549.0,12.789,0.184,16390.0,0.13,0.031,32.1,people tested,,,38.89,126476458.0,347.778,48.2,27.049,18.493,39002.223,,79.37,5.72,11.2,33.7,,13.05,84.63,0.909
JPN,Asia,Japan,2020-09-18,78061.0,573.0,500.429,1500.0,10.0,10.286,617.198,4.53,3.957,11.86,0.079,0.081,0.93,,,,,,,,,17605.0,1635154.0,12.929,0.139,16551.0,0.131,0.03,33.1,people tested,,,38.89,126476458.0,347.778,48.2,27.049,18.493,39002.223,,79.37,5.72,11.2,33.7,,13.05,84.63,0.909
JPN,Asia,Japan,2020-09-19,78662.0,601.0,493.714,1504.0,4.0,9.0,621.95,4.752,3.904,11.892,0.032,0.071,0.92,,,,,,,,,9530.0,1644684.0,13.004,0.075,16406.0,0.13,0.03,33.2,people tested,,,38.89,126476458.0,347.778,48.2,27.049,18.493,39002.223,,79.37,5.72,11.2,33.7,,13.05,84.63,0.909
JPN,Asia,Japan,2020-09-20,79142.0,480.0,499.429,1508.0,4.0,8.571,625.745,3.795,3.949,11.923,0.032,0.068,0.88,,,,,,,,,6153.0,1650837.0,13.053,0.049,17218.0,0.136,0.029,34.5,people tested,,,38.89,126476458.0,347.778,48.2,27.049,18.493,39002.223,,79.37,5.72,11.2,33.7,,13.05,84.63,0.909
JPN,Asia,Japan,2020-09-21,79462.0,320.0,506.857,1518.0,10.0,9.0,628.275,2.53,4.008,12.002,0.079,0.071,0.85,,,,,,,,,2778.0,1653615.0,13.074,0.022,13979.0,0.111,0.036,27.6,people tested,,,38.89,126476458.0,347.778,48.2,27.049,18.493,39002.223,,79.37,5.72,11.2,33.7,,13.05,84.63,0.909
JPN,Asia,Japan,2020-09-22,79773.0,311.0,475.286,1519.0,1.0,8.0,630.734,2.459,3.758,12.01,0.008,0.063,0.85,,,,,,,,,3386.0,1657001.0,13.101,0.027,11583.0,0.092,0.041,24.4,people tested,,,38.89,126476458.0,347.778,48.2,27.049,18.493,39002.223,,79.37,5.72,11.2,33.7,,13.05,84.63,0.909
JPN,Asia,Japan,2020-09-23,80009.0,236.0,430.286,1525.0,6.0,6.286,632.6,1.866,3.402,12.058,0.047,0.05,0.88,,,,,,,,,26925.0,1683926.0,13.314,0.213,12813.0,0.101,0.034,29.8,people tested,,,38.89,126476458.0,347.778,48.2,27.049,18.493,39002.223,,79.37,5.72,11.2,33.7,,13.05,84.63,0.909
JPN,Asia,Japan,2020-09-24,80490.0,481.0,428.857,1540.0,15.0,7.143,636.403,3.803,3.391,12.176,0.119,0.056,0.95,,,,,,,,,19021.0,1702947.0,13.465,0.15,12200.0,0.096,0.035,28.4,people tested,,,33.33,126476458.0,347.778,48.2,27.049,18.493,39002.223,,79.37,5.72,11.2,33.7,,13.05,84.63,0.909
JPN,Asia,Japan,2020-09-25,81054.0,564.0,427.571,1544.0,4.0,6.286,640.862,4.459,3.381,12.208,0.032,0.05,1.01,,,,,,,,,28526.0,1731473.0,13.69,0.226,13760.0,0.109,0.031,32.2,people tested,,,33.33,126476458.0,347.778,48.2,27.049,18.493,39002.223,,79.37,5.72,11.2,33.7,,13.05,84.63,0.909
JPN,Asia,Japan,2020-09-26,81703.0,649.0,434.429,1547.0,3.0,6.143,645.994,5.131,3.435,12.232,0.024,0.049,1.03,,,,,,,,,10522.0,1741995.0,13.773,0.083,13902.0,0.11,0.031,32.0,people tested,,,33.33,126476458.0,347.778,48.2,27.049,18.493,39002.223,,79.37,5.72,11.2,33.7,,13.05,84.63,0.909
JPN,Asia,Japan,2020-09-27,82186.0,483.0,434.857,1549.0,2.0,5.857,649.813,3.819,3.438,12.247,0.016,0.046,1.02,,,,,,,,,4550.0,1746545.0,13.809,0.036,13673.0,0.108,0.032,31.4,people tested,,,33.33,126476458.0,347.778,48.2,27.049,18.493,39002.223,,79.37,5.72,11.2,33.7,,13.05,84.63,0.909
JPN,Asia,Japan,2020-09-28,82484.0,298.0,431.714,1561.0,12.0,6.143,652.169,2.356,3.413,12.342,0.095,0.049,1.0,,,,,,,,,19750.0,1766295.0,13.965,0.156,16097.0,0.127,0.027,37.3,people tested,,,33.33,126476458.0,347.778,48.2,27.049,18.493,39002.223,,79.37,5.72,11.2,33.7,,13.05,84.63,0.909
JPN,Asia,Japan,2020-09-29,83022.0,538.0,464.143,1568.0,7.0,7.0,656.423,4.254,3.67,12.398,0.055,0.055,1.04,,,,,,,,,103676.0,1869971.0,14.785,0.82,30424.0,0.241,0.015,65.5,people tested,,,33.33,126476458.0,347.778,48.2,27.049,18.493,39002.223,,79.37,5.72,11.2,33.7,,13.05,84.63,0.909
JPN,Asia,Japan,2020-09-30,83591.0,569.0,511.714,1575.0,7.0,7.143,660.921,4.499,4.046,12.453,0.055,0.056,1.06,,,,,,,,,19462.0,1889433.0,14.939,0.154,29358.0,0.232,0.017,57.4,people tested,,,33.33,126476458.0,347.778,48.2,27.049,18.493,39002.223,,79.37,5.72,11.2,33.7,,13.05,84.63,0.909
JPN,Asia,Japan,2020-10-01,84244.0,653.0,536.286,1580.0,5.0,5.714,666.084,5.163,4.24,12.492,0.04,0.045,1.07,,,,,,,,,17671.0,1907104.0,15.079,0.14,29165.0,0.231,0.018,54.4,people tested,,,33.33,126476458.0,347.778,48.2,27.049,18.493,39002.223,,79.37,5.72,11.2,33.7,,13.05,84.63,0.909
JPN,Asia,Japan,2020-10-02,84768.0,524.0,530.571,1591.0,11.0,6.714,670.227,4.143,4.195,12.579,0.087,0.053,1.04,,,,,,,,,21860.0,1928964.0,15.252,0.173,28213.0,0.223,0.019,53.2,people tested,,,33.33,126476458.0,347.778,48.2,27.049,18.493,39002.223,,79.37,5.72,11.2,33.7,,13.05,84.63,0.909
JPN,Asia,Japan,2020-10-03,85345.0,577.0,520.286,1594.0,3.0,6.714,674.79,4.562,4.114,12.603,0.024,0.053,1.02,,,,,,,,,13684.0,1942648.0,15.36,0.108,28665.0,0.227,0.018,55.1,people tested,,,33.33,126476458.0,347.778,48.2,27.049,18.493,39002.223,,79.37,5.72,11.2,33.7,,13.05,84.63,0.909
JPN,Asia,Japan,2020-10-04,85746.0,401.0,508.571,1598.0,4.0,7.0,677.96,3.171,4.021,12.635,0.032,0.055,0.98,,,,,,,,,4928.0,1947576.0,15.399,0.039,28719.0,0.227,0.018,56.5,people tested,,,33.33,126476458.0,347.778,48.2,27.049,18.493,39002.223,,79.37,5.72,11.2,33.7,,13.05,84.63,0.909
JPN,Asia,Japan,2020-10-05,86027.0,281.0,506.143,1602.0,4.0,5.857,680.182,2.222,4.002,12.666,0.032,0.046,0.97,,,,,,,,,21865.0,1969441.0,15.572,0.173,29021.0,0.229,0.017,57.3,people tested,,,33.33,126476458.0,347.778,48.2,27.049,18.493,39002.223,,79.37,5.72,11.2,33.7,,13.05,84.63,0.909
JPN,Asia,Japan,2020-10-06,86540.0,513.0,502.571,1609.0,7.0,5.857,684.238,4.056,3.974,12.722,0.055,0.046,1.01,,,,,,,,,20435.0,1989876.0,15.733,0.162,17129.0,0.135,0.029,34.1,people tested,,,33.33,126476458.0,347.778,48.2,27.049,18.493,39002.223,,79.37,5.72,11.2,33.7,,13.05,84.63,0.909
JPN,Asia,Japan,2020-10-07,87039.0,499.0,492.571,1614.0,5.0,5.571,688.183,3.945,3.895,12.761,0.04,0.044,1.04,,,,,,,,,21401.0,2011277.0,15.902,0.169,17406.0,0.138,0.028,35.3,people tested,,,33.33,126476458.0,347.778,48.2,27.049,18.493,39002.223,,79.37,5.72,11.2,33.7,,13.05,84.63,0.909
JPN,Asia,Japan,2020-10-08,87679.0,640.0,490.714,1617.0,3.0,5.286,693.244,5.06,3.88,12.785,0.024,0.042,1.07,,,,,,,,,21397.0,2032674.0,16.072,0.169,17939.0,0.142,0.027,36.6,people tested,,,33.33,126476458.0,347.778,48.2,27.049,18.493,39002.223,,79.37,5.72,11.2,33.7,,13.05,84.63,0.909
JPN,Asia,Japan,2020-10-09,88267.0,588.0,499.857,1623.0,6.0,4.571,697.893,4.649,3.952,12.832,0.047,0.036,1.07,,,,,,,,,19697.0,2052371.0,16.227,0.156,17630.0,0.139,0.028,35.3,people tested,,,33.33,126476458.0,347.778,48.2,27.049,18.493,39002.223,,79.37,5.72,11.2,33.7,,13.05,84.63,0.909
JPN,Asia,Japan,2020-10-10,88962.0,695.0,516.714,1626.0,3.0,4.571,703.388,5.495,4.085,12.856,0.024,0.036,1.06,,,,,,,,,10803.0,2063174.0,16.313,0.085,17218.0,0.136,0.03,33.3,people tested,,,33.33,126476458.0,347.778,48.2,27.049,18.493,39002.223,,79.37,5.72,11.2,33.7,,13.05,84.63,0.909
JPN,Asia,Japan,2020-10-11,89400.0,438.0,522.0,1628.0,2.0,4.286,706.851,3.463,4.127,12.872,0.016,0.034,1.01,,,,,,,,,5077.0,2068251.0,16.353,0.04,17239.0,0.136,0.03,33.0,people tested,,,33.33,126476458.0,347.778,48.2,27.049,18.493,39002.223,,79.37,5.72,11.2,33.7,,13.05,84.63,0.909
JPN,Asia,Japan,2020-10-12,89652.0,252.0,517.857,1631.0,3.0,4.143,708.843,1.992,4.094,12.896,0.024,0.033,0.98,,,,,,,,,23235.0,2091486.0,16.537,0.184,17435.0,0.138,0.03,33.7,people tested,,,33.33,126476458.0,347.778,48.2,27.049,18.493,39002.223,,79.37,5.72,11.2,33.7,,13.05,84.63,0.909
JPN,Asia,Japan,2020-10-13,90153.0,501.0,516.143,1635.0,4.0,3.714,712.805,3.961,4.081,12.927,0.032,0.029,1.02,,,,,,,,,19828.0,2111314.0,16.693,0.157,17348.0,0.137,0.03,33.6,people tested,,,38.89,126476458.0,347.778,48.2,27.049,18.493,39002.223,,79.37,5.72,11.2,33.7,,13.05,84.63,0.909
JPN,Asia,Japan,2020-10-14,90694.0,541.0,522.143,1646.0,11.0,4.571,717.082,4.277,4.128,13.014,0.087,0.036,1.06,,,,,,,,,21837.0,2133151.0,16.866,0.173,17411.0,0.138,0.03,33.3,people tested,,,38.89,126476458.0,347.778,48.2,27.049,18.493,39002.223,,79.37,5.72,11.2,33.7,,13.05,84.63,0.909
JPN,Asia,Japan,2020-10-15,91402.0,708.0,531.857,1650.0,4.0,4.714,722.68,5.598,4.205,13.046,0.032,0.037,1.09,,,,,,,,,20737.0,2153888.0,17.03,0.164,17316.0,0.137,0.031,32.6,people tested,,,38.89,126476458.0,347.778,48.2,27.049,18.493,39002.223,,79.37,5.72,11.2,33.7,,13.05,84.63,0.909
JPN,Asia,Japan,2020-10-16,92044.0,642.0,539.571,1664.0,14.0,5.857,727.756,5.076,4.266,13.157,0.111,0.046,1.08,,,,,,,,,20701.0,2174589.0,17.194,0.164,17460.0,0.138,0.031,32.4,people tested,,,38.89,126476458.0,347.778,48.2,27.049,18.493,39002.223,,79.37,5.72,11.2,33.7,,13.05,84.63,0.909
JPN,Asia,Japan,2020-10-17,92670.0,626.0,529.714,1670.0,6.0,6.286,732.706,4.95,4.188,13.204,0.047,0.05,1.05,,,,,,,,,9896.0,2184485.0,17.272,0.078,17330.0,0.137,0.031,32.7,people tested,,,38.89,126476458.0,347.778,48.2,27.049,18.493,39002.223,,79.37,5.72,11.2,33.7,,13.05,84.63,0.909
JPN,Asia,Japan,2020-10-18,93098.0,428.0,528.286,1672.0,2.0,6.286,736.09,3.384,4.177,13.22,0.016,0.05,1.01,,,,,,,,,5123.0,2189608.0,17.312,0.041,17337.0,0.137,0.03,32.8,people tested,,,38.89,126476458.0,347.778,48.2,27.049,18.493,39002.223,,79.37,5.72,11.2,33.7,,13.05,84.63,0.909
JPN,Asia,Japan,2020-10-19,93408.0,310.0,536.571,1676.0,4.0,6.429,738.541,2.451,4.242,13.251,0.032,0.051,1.0,,,,,,,,,21920.0,2211528.0,17.486,0.173,17149.0,0.136,0.031,32.0,people tested,,,38.89,126476458.0,347.778,48.2,27.049,18.493,39002.223,,79.37,5.72,11.2,33.7,,13.05,84.63,0.909
JPN,Asia,Japan,2020-10-20,93895.0,487.0,534.571,1679.0,3.0,6.286,742.391,3.851,4.227,13.275,0.024,0.05,1.04,,,,,,,,,15486.0,2227014.0,17.608,0.122,16529.0,0.131,0.032,30.9,people tested,,,38.89,126476458.0,347.778,48.2,27.049,18.493,39002.223,,79.37,5.72,11.2,33.7,,13.05,84.63,0.909
JPN,Asia,Japan,2020-10-21,94515.0,620.0,545.857,1686.0,7.0,5.714,747.293,4.902,4.316,13.331,0.055,0.045,1.08,,,,,,,,,22144.0,2249158.0,17.783,0.175,16572.0,0.131,0.033,30.4,people tested,,,38.89,126476458.0,347.778,48.2,27.049,18.493,39002.223,,79.37,5.72,11.2,33.7,,13.05,84.63,0.909
JPN,Asia,Japan,2020-10-22,95134.0,619.0,533.143,1697.0,11.0,6.714,752.187,4.894,4.215,13.418,0.087,0.053,1.11,,,,,,,,,23418.0,2272576.0,17.968,0.185,16955.0,0.134,0.031,31.8,people tested,,,38.89,126476458.0,347.778,48.2,27.049,18.493,39002.223,,79.37,5.72,11.2,33.7,,13.05,84.63,0.909
JPN,Asia,Japan,2020-10-23,95868.0,734.0,546.286,1706.0,9.0,6.0,757.991,5.803,4.319,13.489,0.071,0.047,1.13,,,,,,,,,22880.0,2295456.0,18.149,0.181,17267.0,0.137,0.032,31.6,people tested,,,38.89,126476458.0,347.778,48.2,27.049,18.493,39002.223,,79.37,5.72,11.2,33.7,,13.05,84.63,0.909
JPN,Asia,Japan,2020-10-24,96599.0,731.0,561.286,1710.0,4.0,5.714,763.771,5.78,4.438,13.52,0.032,0.045,1.12,,,,,,,,,13211.0,2308667.0,18.254,0.104,17740.0,0.14,0.032,31.6,people tested,,,38.89,126476458.0,347.778,48.2,27.049,18.493,39002.223,,79.37,5.72,11.2,33.7,,13.05,84.63,0.909
JPN,Asia,Japan,2020-10-25,97095.0,496.0,571.0,1716.0,6.0,6.286,767.692,3.922,4.515,13.568,0.047,0.05,1.09,,,,,,,,,5427.0,2314094.0,18.297,0.043,17784.0,0.141,0.032,31.1,people tested,,,38.89,126476458.0,347.778,48.2,27.049,18.493,39002.223,,79.37,5.72,11.2,33.7,,13.05,84.63,0.909
JPN,Asia,Japan,2020-10-26,97503.0,408.0,585.0,1721.0,5.0,6.429,770.918,3.226,4.625,13.607,0.04,0.051,1.09,,,,,,,,,22602.0,2336696.0,18.475,0.179,17881.0,0.141,0.033,30.6,people tested,,,38.89,126476458.0,347.778,48.2,27.049,18.493,39002.223,,79.37,5.72,11.2,33.7,,13.05,84.63,0.909
JPN,Asia,Japan,2020-10-27,98146.0,643.0,607.286,1726.0,5.0,6.714,776.002,5.084,4.802,13.647,0.04,0.053,1.13,,,,,,,,,25714.0,2362410.0,18.679,0.203,19342.0,0.153,0.031,31.8,people tested,,,38.89,126476458.0,347.778,48.2,27.049,18.493,39002.223,,79.37,5.72,11.2,33.7,,13.05,84.63,0.909
JPN,Asia,Japan,2020-10-28,98877.0,731.0,623.143,1731.0,5.0,6.429,781.782,5.78,4.927,13.686,0.04,0.051,1.17,,,,,,,,,23064.0,2385474.0,18.861,0.182,19474.0,0.154,0.032,31.3,people tested,,,38.89,126476458.0,347.778,48.2,27.049,18.493,39002.223,,79.37,5.72,11.2,33.7,,13.05,84.63,0.909
JPN,Asia,Japan,2020-10-29,99674.0,797.0,648.571,1748.0,17.0,7.286,788.083,6.302,5.128,13.821,0.134,0.058,1.19,,,,,,,,,20504.0,2405978.0,19.023,0.162,19057.0,0.151,0.034,29.4,people tested,,,38.89,126476458.0,347.778,48.2,27.049,18.493,39002.223,,79.37,5.72,11.2,33.7,,13.05,84.63,0.909
JPN,Asia,Japan,2020-10-30,100450.0,776.0,654.571,1756.0,8.0,7.143,794.219,6.136,5.175,13.884,0.063,0.056,1.19,,,,,,,,,21782.0,2427760.0,19.195,0.172,18901.0,0.149,0.035,28.9,people tested,,,38.89,126476458.0,347.778,48.2,27.049,18.493,39002.223,,79.37,5.72,11.2,33.7,,13.05,84.63,0.909
JPN,Asia,Japan,2020-10-31,101327.0,877.0,675.429,1769.0,13.0,8.429,801.153,6.934,5.34,13.987,0.103,0.067,1.19,,,,,,,,,11398.0,2439158.0,19.285,0.09,18642.0,0.147,0.036,27.6,people tested,,,38.89,126476458.0,347.778,48.2,27.049,18.493,39002.223,,79.37,5.72,11.2,33.7,,13.05,84.63,0.909
JPN,Asia,Japan,2020-11-01,101943.0,616.0,692.571,1776.0,7.0,8.571,806.024,4.87,5.476,14.042,0.055,0.068,1.16,,,,,,,,,6214.0,2445372.0,19.335,0.049,18754.0,0.148,0.037,27.1,people tested,,,38.89,126476458.0,347.778,48.2,27.049,18.493,39002.223,,79.37,5.72,11.2,33.7,,13.05,84.63,0.909
JPN,Asia,Japan,2020-11-02,102431.0,488.0,704.0,1787.0,11.0,9.429,809.882,3.858,5.566,14.129,0.087,0.075,1.16,,,,,,,,,21535.0,2466907.0,19.505,0.17,18602.0,0.147,0.038,26.4,people tested,,,38.89,126476458.0,347.778,48.2,27.049,18.493,39002.223,,79.37,5.72,11.2,33.7,,13.05,84.63,0.909
JPN,Asia,Japan,2020-11-03,103309.0,878.0,737.571,1794.0,7.0,9.714,816.824,6.942,5.832,14.184,0.055,0.077,1.21,,,,,,,,,7477.0,2474384.0,19.564,0.059,15996.0,0.126,0.046,21.7,people tested,,,38.89,126476458.0,347.778,48.2,27.049,18.493,39002.223,,79.37,5.72,11.2,33.7,,13.05,84.63,0.909
JPN,Asia,Japan,2020-11-04,103928.0,619.0,721.571,1799.0,5.0,9.714,821.718,4.894,5.705,14.224,0.04,0.077,1.24,,,,,,,,,21840.0,2496224.0,19.737,0.173,15821.0,0.125,0.046,21.9,people tested,,,38.89,126476458.0,347.778,48.2,27.049,18.493,39002.223,,79.37,5.72,11.2,33.7,,13.05,84.63,0.909
JPN,Asia,Japan,2020-11-05,104964.0,1036.0,755.714,1806.0,7.0,8.286,829.909,8.191,5.975,14.279,0.055,0.066,1.31,,,,,,,,,29533.0,2525757.0,19.97,0.234,17111.0,0.135,0.044,22.6,people tested,,,38.89,126476458.0,347.778,48.2,27.049,18.493,39002.223,,79.37,5.72,11.2,33.7,,13.05,84.63,0.909
JPN,Asia,Japan,2020-11-06,106136.0,1172.0,812.286,1810.0,4.0,7.714,839.176,9.267,6.422,14.311,0.032,0.061,1.35,,,,,,,,,28237.0,2553994.0,20.193,0.223,18033.0,0.143,0.045,22.2,people tested,,,38.89,126476458.0,347.778,48.2,27.049,18.493,39002.223,,79.37,5.72,11.2,33.7,,13.05,84.63,0.909
JPN,Asia,Japan,2020-11-07,107439.0,1303.0,873.143,1815.0,5.0,6.571,849.478,10.302,6.904,14.35,0.04,0.052,1.36,,,,,,,,,13460.0,2567454.0,20.3,0.106,18328.0,0.145,0.048,21.0,people tested,,,38.89,126476458.0,347.778,48.2,27.049,18.493,39002.223,,79.37,5.72,11.2,33.7,,13.05,84.63,0.909
JPN,Asia,Japan,2020-11-08,108394.0,955.0,921.571,1821.0,6.0,6.429,857.029,7.551,7.287,14.398,0.047,0.051,1.33,,,,,,,,,8004.0,2575458.0,20.363,0.063,18584.0,0.147,0.05,20.2,people tested,,,38.89,126476458.0,347.778,48.2,27.049,18.493,39002.223,,79.37,5.72,11.2,33.7,,13.05,84.63,0.909
JPN,Asia,Japan,2020-11-09,109191.0,797.0,965.714,1834.0,13.0,6.714,863.331,6.302,7.636,14.501,0.103,0.053,1.33,,,,,,,,,25476.0,2600934.0,20.565,0.201,19147.0,0.151,0.05,19.8,people tested,,,38.89,126476458.0,347.778,48.2,27.049,18.493,39002.223,,79.37,5.72,11.2,33.7,,13.05,84.63,0.909
JPN,Asia,Japan,2020-11-10,110487.0,1296.0,1025.429,1840.0,6.0,6.571,873.578,10.247,8.108,14.548,0.047,0.052,1.38,,,,,,,,,25179.0,2626113.0,20.764,0.199,21676.0,0.171,0.047,21.1,people tested,,,38.89,126476458.0,347.778,48.2,27.049,18.493,39002.223,,79.37,5.72,11.2,33.7,,13.05,84.63,0.909
JPN,Asia,Japan,2020-11-11,112011.0,1524.0,1154.714,1847.0,7.0,6.857,885.627,12.05,9.13,14.604,0.055,0.054,1.42,,,,,,,,,33681.0,2659794.0,21.03,0.266,23367.0,0.185,0.049,20.2,people tested,,,38.89,126476458.0,347.778,48.2,27.049,18.493,39002.223,,79.37,5.72,11.2,33.7,,13.05,84.63,0.909
JPN,Asia,Japan,2020-11-12,113655.0,1644.0,1241.571,1854.0,7.0,6.857,898.626,12.998,9.817,14.659,0.055,0.054,1.42,,,,,,,,,29912.0,2689706.0,21.266,0.237,23421.0,0.185,0.053,18.9,people tested,,,38.89,126476458.0,347.778,48.2,27.049,18.493,39002.223,,79.37,5.72,11.2,33.7,,13.05,84.63,0.909
JPN,Asia,Japan,2020-11-13,115360.0,1705.0,1317.714,1864.0,10.0,7.714,912.107,13.481,10.419,14.738,0.079,0.061,1.41,,,,,,,,,24038.0,2713744.0,21.457,0.19,22821.0,0.18,0.058,17.3,people tested,,,38.89,126476458.0,347.778,48.2,27.049,18.493,39002.223,,79.37,5.72,11.2,33.7,,13.05,84.63,0.909
JPN,Asia,Japan,2020-11-14,117113.0,1753.0,1382.0,1865.0,1.0,7.143,925.967,13.86,10.927,14.746,0.008,0.056,1.37,,,,,,,,,16651.0,2730395.0,21.588,0.132,23277.0,0.184,0.059,16.8,people tested,,,38.89,126476458.0,347.778,48.2,27.049,18.493,39002.223,,79.37,5.72,11.2,33.7,,13.05,84.63,0.909
JPN,Asia,Japan,2020-11-15,118611.0,1498.0,1459.571,1874.0,9.0,7.571,937.811,11.844,11.54,14.817,0.071,0.06,1.33,,,,,,,,,9127.0,2739522.0,21.66,0.072,23438.0,0.185,0.062,16.1,people tested,,,38.89,126476458.0,347.778,48.2,27.049,18.493,39002.223,,79.37,5.72,11.2,33.7,,13.05,84.63,0.909
JPN,Asia,Japan,2020-11-16,119557.0,946.0,1480.857,1883.0,9.0,7.0,945.291,7.48,11.709,14.888,0.071,0.055,1.3,,,,,,,,,30109.0,2769631.0,21.898,0.238,24100.0,0.191,0.061,16.3,people tested,,,38.89,126476458.0,347.778,48.2,27.049,18.493,39002.223,,79.37,5.72,11.2,33.7,,13.05,84.63,0.909
JPN,Asia,Japan,2020-11-17,121247.0,1690.0,1537.143,1895.0,12.0,7.857,958.653,13.362,12.154,14.983,0.095,0.062,1.34,,,,,,,,,27634.0,2797265.0,22.117,0.218,24450.0,0.193,0.063,15.9,people tested,,,38.89,126476458.0,347.778,48.2,27.049,18.493,39002.223,,79.37,5.72,11.2,33.7,,13.05,84.63,0.909
JPN,Asia,Japan,2020-11-18,123477.0,2230.0,1638.0,1908.0,13.0,8.714,976.284,17.632,12.951,15.086,0.103,0.069,1.38,,,,,,,,,34630.0,2831895.0,22.391,0.274,24586.0,0.194,0.067,15.0,people tested,,,38.89,126476458.0,347.778,48.2,27.049,18.493,39002.223,,79.37,5.72,11.2,33.7,,13.05,84.63,0.909
JPN,Asia,Japan,2020-11-19,125859.0,2382.0,1743.429,1920.0,12.0,9.429,995.118,18.834,13.785,15.181,0.095,0.075,1.39,,,,,,,,,37810.0,2869705.0,22.69,0.299,25714.0,0.203,0.068,14.7,people tested,,,38.89,126476458.0,347.778,48.2,27.049,18.493,39002.223,,79.37,5.72,11.2,33.7,,13.05,84.63,0.909
JPN,Asia,Japan,2020-11-20,128285.0,2426.0,1846.429,1930.0,10.0,9.429,1014.299,19.181,14.599,15.26,0.079,0.075,1.36,,,,,,,,,41770.0,2911475.0,23.02,0.33,28247.0,0.223,0.065,15.3,people tested,,,38.89,126476458.0,347.778,48.2,27.049,18.493,39002.223,,79.37,5.72,11.2,33.7,,13.05,84.63,0.909
JPN,Asia,Japan,2020-11-21,130871.0,2586.0,1965.429,1932.0,2.0,9.571,1034.746,20.446,15.54,15.276,0.016,0.076,1.31,,,,,,,,,24924.0,2936399.0,23.217,0.197,29429.0,0.233,0.067,15.0,people tested,,,38.89,126476458.0,347.778,48.2,27.049,18.493,39002.223,,79.37,5.72,11.2,33.7,,13.05,84.63,0.909
JPN,Asia,Japan,2020-11-22,133034.0,2163.0,2060.429,1943.0,11.0,9.857,1051.848,17.102,16.291,15.363,0.087,0.078,1.23,,,,,,,,,20389.0,2956788.0,23.378,0.161,31038.0,0.245,0.066,15.1,people tested,,,38.89,126476458.0,347.778,48.2,27.049,18.493,39002.223,,79.37,5.72,11.2,33.7,,13.05,84.63,0.909
JPN,Asia,Japan,2020-11-23,134554.0,1520.0,2142.429,1949.0,6.0,9.429,1063.866,12.018,16.939,15.41,0.047,0.075,1.16,,,,,,,,,9560.0,2966348.0,23.454,0.076,28102.0,0.222,0.076,13.1,people tested,,,38.89,126476458.0,347.778,48.2,27.049,18.493,39002.223,,79.37,5.72,11.2,33.7,,13.05,84.63,0.909
JPN,Asia,Japan,2020-11-24,135786.0,1232.0,2077.0,1963.0,14.0,9.714,1073.607,9.741,16.422,15.521,0.111,0.077,1.13,,,,,,,,,43773.0,3010121.0,23.8,0.346,30408.0,0.24,0.068,14.6,people tested,,,40.74,126476458.0,347.778,48.2,27.049,18.493,39002.223,,79.37,5.72,11.2,33.7,,13.05,84.63,0.909
JPN,Asia,Japan,2020-11-25,137735.0,1949.0,2036.857,1983.0,20.0,10.714,1089.017,15.41,16.105,15.679,0.158,0.085,1.15,,,,,,,,,41052.0,3051173.0,24.124,0.325,31325.0,0.248,0.065,15.4,people tested,,,40.74,126476458.0,347.778,48.2,27.049,18.493,39002.223,,79.37,5.72,11.2,33.7,,13.05,84.63,0.909
JPN,Asia,Japan,2020-11-26,140225.0,2490.0,2052.286,1996.0,13.0,10.857,1108.704,19.687,16.227,15.782,0.103,0.086,1.18,,,,,,,,,42634.0,3093807.0,24.462,0.337,32015.0,0.253,0.064,15.6,people tested,,,40.74,126476458.0,347.778,48.2,27.049,18.493,39002.223,,79.37,5.72,11.2,33.7,,13.05,84.63,0.909
JPN,Asia,Japan,2020-11-27,142778.0,2553.0,2070.429,2028.0,32.0,14.0,1128.89,20.186,16.37,16.035,0.253,0.111,1.18,,,,,,,,,43351.0,3137158.0,24.804,0.343,32240.0,0.255,0.064,15.6,people tested,,,40.74,126476458.0,347.778,48.2,27.049,18.493,39002.223,,79.37,5.72,11.2,33.7,,13.05,84.63,0.909
JPN,Asia,Japan,2020-11-28,145457.0,2679.0,2083.714,2042.0,14.0,15.714,1150.072,21.182,16.475,16.145,0.111,0.124,1.16,,,,,,,,,22307.0,3159465.0,24.981,0.176,31867.0,0.252,0.065,15.3,people tested,,,40.74,126476458.0,347.778,48.2,27.049,18.493,39002.223,,79.37,5.72,11.2,33.7,,13.05,84.63,0.909
JPN,Asia,Japan,2020-11-29,147515.0,2058.0,2068.714,2057.0,15.0,16.286,1166.344,16.272,16.357,16.264,0.119,0.129,1.11,,,,,,,,,11975.0,3171440.0,25.075,0.095,30665.0,0.242,0.067,14.8,people tested,,,40.74,126476458.0,347.778,48.2,27.049,18.493,39002.223,,79.37,5.72,11.2,33.7,,13.05,84.63,0.909
JPN,Asia,Japan,2020-11-30,148962.0,1447.0,2058.286,2076.0,19.0,18.143,1177.784,11.441,16.274,16.414,0.15,0.143,1.08,,,,,,,,,41335.0,3212775.0,25.402,0.327,35204.0,0.278,0.058,17.1,people tested,,,40.74,126476458.0,347.778,48.2,27.049,18.493,39002.223,,79.37,5.72,11.2,33.7,,13.05,84.63,0.909
JPN,Asia,Japan,2020-12-01,150976.0,2014.0,2170.0,2109.0,33.0,20.857,1193.708,15.924,17.157,16.675,0.261,0.165,1.1,,,,,,,,,44289.0,3257064.0,25.752,0.35,35278.0,0.279,0.062,16.3,people tested,,,46.3,126476458.0,347.778,48.2,27.049,18.493,39002.223,,79.37,5.72,11.2,33.7,,13.05,84.63,0.909
JPN,Asia,Japan,2020-12-02,153432.0,2456.0,2242.429,2141.0,32.0,22.571,1213.127,19.419,17.73,16.928,0.253,0.178,1.13,,,,,,,,,43236.0,3300300.0,26.094,0.342,35590.0,0.281,0.063,15.9,people tested,,,46.3,126476458.0,347.778,48.2,27.049,18.493,39002.223,,79.37,5.72,11.2,33.7,,13.05,84.63,0.909
JPN,Asia,Japan,2020-12-03,155938.0,2506.0,2244.714,2174.0,33.0,25.429,1232.941,19.814,17.748,17.189,0.261,0.201,1.14,,,,,,,,,36823.0,3337123.0,26.385,0.291,34759.0,0.275,0.065,15.5,people tested,,,46.3,126476458.0,347.778,48.2,27.049,18.493,39002.223,,79.37,5.72,11.2,33.7,,13.05,84.63,0.909
JPN,Asia,Japan,2020-12-04,158387.0,2449.0,2229.857,2210.0,36.0,26.0,1252.304,19.363,17.631,17.474,0.285,0.206,1.14,,,,,,,,,38145.0,3375268.0,26.687,0.302,34016.0,0.269,0.066,15.3,people tested,,,46.3,126476458.0,347.778,48.2,27.049,18.493,39002.223,,79.37,5.72,11.2,33.7,,13.05,84.63,0.909
JPN,Asia,Japan,2020-12-05,160870.0,2483.0,2201.857,2229.0,19.0,26.714,1271.936,19.632,17.409,17.624,0.15,0.211,,,,,,,,,,22313.0,3397581.0,26.863,0.176,34017.0,0.269,0.065,15.4,people tested,,,46.3,126476458.0,347.778,48.2,27.049,18.493,39002.223,,79.37,5.72,11.2,33.7,,13.05,84.63,0.909
JPN,Asia,Japan,2020-12-06,162917.0,2047.0,2200.286,2259.0,30.0,28.857,1288.121,16.185,17.397,17.861,0.237,0.228,,,,,,,,,,17612.0,3415193.0,27.003,0.139,34822.0,0.275,0.063,15.8,people tested,,,46.3,126476458.0,347.778,48.2,27.049,18.493,39002.223,,79.37,5.72,11.2,33.7,,13.05,84.63,0.909
JPN,Asia,Japan,2020-12-07,164434.0,1517.0,2210.286,2299.0,40.0,31.857,1300.115,11.994,17.476,18.177,0.316,0.252,,,,,,,,,,37737.0,3452930.0,27.301,0.298,34308.0,0.271,0.064,15.5,people tested,,,46.3,126476458.0,347.778,48.2,27.049,18.493,39002.223,,79.37,5.72,11.2,33.7,,13.05,84.63,0.909
JPN,Asia,Japan,2020-12-08,166592.0,2158.0,2230.857,2334.0,35.0,32.143,1317.178,17.062,17.639,18.454,0.277,0.254,,,,,,,,,,40060.0,3492990.0,27.618,0.317,33704.0,0.266,0.066,15.1,people tested,,,53.7,126476458.0,347.778,48.2,27.049,18.493,39002.223,,79.37,5.72,11.2,33.7,,13.05,84.63,0.909
JPN,Asia,Japan,2020-12-09,169429.0,2837.0,2285.286,2376.0,42.0,33.571,1339.609,22.431,18.069,18.786,0.332,0.265,,,,,,,,,,54557.0,3547547.0,28.049,0.431,35321.0,0.279,0.065,15.5,people tested,,,53.7,126476458.0,347.778,48.2,27.049,18.493,39002.223,,79.37,5.72,11.2,33.7,,13.05,84.63,0.909
JPN,Asia,Japan,2020-12-10,172406.0,2977.0,2352.571,2395.0,19.0,31.571,1363.147,23.538,18.601,18.936,0.15,0.25,,,,,,,,,,44612.0,3592159.0,28.402,0.353,36434.0,0.288,0.065,15.5,people tested,,,53.7,126476458.0,347.778,48.2,27.049,18.493,39002.223,,79.37,5.72,11.2,33.7,,13.05,84.63,0.909
JPN,Asia,Japan,2020-12-11,175310.0,2904.0,2417.571,2446.0,51.0,33.714,1386.108,22.961,19.115,19.34,0.403,0.267,,,,,,,,,,53834.0,3645993.0,28.827,0.426,38675.0,0.306,0.063,16.0,people tested,,,53.7,126476458.0,347.778,48.2,27.049,18.493,39002.223,,79.37,5.72,11.2,33.7,,13.05,84.63,0.909
JPN,Asia,Japan,2020-12-12,178272.0,2962.0,2486.0,2462.0,16.0,33.286,1409.527,23.419,19.656,19.466,0.127,0.263,,,,,,,,,,28203.0,3674196.0,29.05,0.223,39516.0,0.312,0.063,15.9,people tested,,,53.7,126476458.0,347.778,48.2,27.049,18.493,39002.223,,79.37,5.72,11.2,33.7,,13.05,84.63,0.909
JPN,Asia,Japan,2020-12-13,180639.0,2367.0,2531.714,2481.0,19.0,31.714,1428.242,18.715,20.017,19.616,0.15,0.251,,,,,,,,,,13144.0,3687340.0,29.154,0.104,38878.0,0.307,0.065,15.4,people tested,,,53.7,126476458.0,347.778,48.2,27.049,18.493,39002.223,,79.37,5.72,11.2,33.7,,13.05,84.63,0.909
JPN,Asia,Japan,2020-12-14,182311.0,1672.0,2553.857,2530.0,49.0,33.0,1441.462,13.22,20.192,20.004,0.387,0.261,,,,,,,,,,53758.0,3741098.0,29.579,0.425,41167.0,0.325,0.062,16.1,people tested,,,53.7,126476458.0,347.778,48.2,27.049,18.493,39002.223,,79.37,5.72,11.2,33.7,,13.05,84.63,0.909
JPN,Asia,Japan,2020-12-15,184752.0,2441.0,2594.286,2581.0,51.0,35.286,1460.762,19.3,20.512,20.407,0.403,0.279,,,,,,,,,,,,,,,,,,,,,,126476458.0,347.778,48.2,27.049,18.493,39002.223,,79.37,5.72,11.2,33.7,,13.05,84.63,0.909
