iso_code,continent,location,date,total_cases,new_cases,new_cases_smoothed,total_deaths,new_deaths,new_deaths_smoothed,total_cases_per_million,new_cases_per_million,new_cases_smoothed_per_million,total_deaths_per_million,new_deaths_per_million,new_deaths_smoothed_per_million,new_tests,total_tests,total_tests_per_thousand,new_tests_per_thousand,new_tests_smoothed,new_tests_smoothed_per_thousand,tests_per_case,positive_rate,tests_units,stringency_index,population,population_density,median_age,aged_65_older,aged_70_older,gdp_per_capita,extreme_poverty,cardiovasc_death_rate,diabetes_prevalence,female_smokers,male_smokers,handwashing_facilities,hospital_beds_per_thousand,life_expectancy
JPN,Asia,Japan,2019-12-31,0.0,0.0,,0.0,0.0,,0.0,0.0,,0.0,0.0,,,,,,,,,,,,126476458.0,347.778,48.2,27.049,18.493,39002.223,,79.37,5.72,11.2,33.7,,13.05,84.63
JPN,Asia,Japan,2020-01-01,0.0,0.0,,0.0,0.0,,0.0,0.0,,0.0,0.0,,,,,,,,,,,0.0,126476458.0,347.778,48.2,27.049,18.493,39002.223,,79.37,5.72,11.2,33.7,,13.05,84.63
JPN,Asia,Japan,2020-01-02,0.0,0.0,,0.0,0.0,,0.0,0.0,,0.0,0.0,,,,,,,,,,,0.0,126476458.0,347.778,48.2,27.049,18.493,39002.223,,79.37,5.72,11.2,33.7,,13.05,84.63
JPN,Asia,Japan,2020-01-03,0.0,0.0,,0.0,0.0,,0.0,0.0,,0.0,0.0,,,,,,,,,,,0.0,126476458.0,347.778,48.2,27.049,18.493,39002.223,,79.37,5.72,11.2,33.7,,13.05,84.63
JPN,Asia,Japan,2020-01-04,0.0,0.0,,0.0,0.0,,0.0,0.0,,0.0,0.0,,,,,,,,,,,0.0,126476458.0,347.778,48.2,27.049,18.493,39002.223,,79.37,5.72,11.2,33.7,,13.05,84.63
JPN,Asia,Japan,2020-01-05,0.0,0.0,,0.0,0.0,,0.0,0.0,,0.0,0.0,,,,,,,,,,,0.0,126476458.0,347.778,48.2,27.049,18.493,39002.223,,79.37,5.72,11.2,33.7,,13.05,84.63
JPN,Asia,Japan,2020-01-06,0.0,0.0,0.0,0.0,0.0,0.0,0.0,0.0,0.0,0.0,0.0,0.0,,,,,,,,,,0.0,126476458.0,347.778,48.2,27.049,18.493,39002.223,,79.37,5.72,11.2,33.7,,13.05,84.63
JPN,Asia,Japan,2020-01-07,0.0,0.0,0.0,0.0,0.0,0.0,0.0,0.0,0.0,0.0,0.0,0.0,,,,,,,,,,2.78,126476458.0,347.778,48.2,27.049,18.493,39002.223,,79.37,5.72,11.2,33.7,,13.05,84.63
JPN,Asia,Japan,2020-01-08,0.0,0.0,0.0,0.0,0.0,0.0,0.0,0.0,0.0,0.0,0.0,0.0,,,,,,,,,,2.78,126476458.0,347.778,48.2,27.049,18.493,39002.223,,79.37,5.72,11.2,33.7,,13.05,84.63
JPN,Asia,Japan,2020-01-09,0.0,0.0,0.0,0.0,0.0,0.0,0.0,0.0,0.0,0.0,0.0,0.0,,,,,,,,,,2.78,126476458.0,347.778,48.2,27.049,18.493,39002.223,,79.37,5.72,11.2,33.7,,13.05,84.63
JPN,Asia,Japan,2020-01-10,0.0,0.0,0.0,0.0,0.0,0.0,0.0,0.0,0.0,0.0,0.0,0.0,,,,,,,,,,2.78,126476458.0,347.778,48.2,27.049,18.493,39002.223,,79.37,5.72,11.2,33.7,,13.05,84.63
JPN,Asia,Japan,2020-01-11,0.0,0.0,0.0,0.0,0.0,0.0,0.0,0.0,0.0,0.0,0.0,0.0,,,,,,,,,,2.78,126476458.0,347.778,48.2,27.049,18.493,39002.223,,79.37,5.72,11.2,33.7,,13.05,84.63
JPN,Asia,Japan,2020-01-12,0.0,0.0,0.0,0.0,0.0,0.0,0.0,0.0,0.0,0.0,0.0,0.0,,,,,,,,,,2.78,126476458.0,347.778,48.2,27.049,18.493,39002.223,,79.37,5.72,11.2,33.7,,13.05,84.63
JPN,Asia,Japan,2020-01-13,0.0,0.0,0.0,0.0,0.0,0.0,0.0,0.0,0.0,0.0,0.0,0.0,,,,,,,,,,2.78,126476458.0,347.778,48.2,27.049,18.493,39002.223,,79.37,5.72,11.2,33.7,,13.05,84.63
JPN,Asia,Japan,2020-01-14,0.0,0.0,0.0,0.0,0.0,0.0,0.0,0.0,0.0,0.0,0.0,0.0,,,,,,,,,,2.78,126476458.0,347.778,48.2,27.049,18.493,39002.223,,79.37,5.72,11.2,33.7,,13.05,84.63
JPN,Asia,Japan,2020-01-15,1.0,1.0,0.143,0.0,0.0,0.0,0.008,0.008,0.001,0.0,0.0,0.0,,,,,,,,,,2.78,126476458.0,347.778,48.2,27.049,18.493,39002.223,,79.37,5.72,11.2,33.7,,13.05,84.63
JPN,Asia,Japan,2020-01-16,1.0,0.0,0.143,0.0,0.0,0.0,0.008,0.0,0.001,0.0,0.0,0.0,,,,,,,,,,2.78,126476458.0,347.778,48.2,27.049,18.493,39002.223,,79.37,5.72,11.2,33.7,,13.05,84.63
JPN,Asia,Japan,2020-01-17,1.0,0.0,0.143,0.0,0.0,0.0,0.008,0.0,0.001,0.0,0.0,0.0,,,,,,,,,,2.78,126476458.0,347.778,48.2,27.049,18.493,39002.223,,79.37,5.72,11.2,33.7,,13.05,84.63
JPN,Asia,Japan,2020-01-18,1.0,0.0,0.143,0.0,0.0,0.0,0.008,0.0,0.001,0.0,0.0,0.0,,,,,,,,,,2.78,126476458.0,347.778,48.2,27.049,18.493,39002.223,,79.37,5.72,11.2,33.7,,13.05,84.63
JPN,Asia,Japan,2020-01-19,1.0,0.0,0.143,0.0,0.0,0.0,0.008,0.0,0.001,0.0,0.0,0.0,,,,,,,,,,2.78,126476458.0,347.778,48.2,27.049,18.493,39002.223,,79.37,5.72,11.2,33.7,,13.05,84.63
JPN,Asia,Japan,2020-01-20,1.0,0.0,0.143,0.0,0.0,0.0,0.008,0.0,0.001,0.0,0.0,0.0,,,,,,,,,,2.78,126476458.0,347.778,48.2,27.049,18.493,39002.223,,79.37,5.72,11.2,33.7,,13.05,84.63
JPN,Asia,Japan,2020-01-21,1.0,0.0,0.143,0.0,0.0,0.0,0.008,0.0,0.001,0.0,0.0,0.0,,,,,,,,,,2.78,126476458.0,347.778,48.2,27.049,18.493,39002.223,,79.37,5.72,11.2,33.7,,13.05,84.63
JPN,Asia,Japan,2020-01-22,1.0,0.0,0.0,0.0,0.0,0.0,0.008,0.0,0.0,0.0,0.0,0.0,,,,,,,,,,2.78,126476458.0,347.778,48.2,27.049,18.493,39002.223,,79.37,5.72,11.2,33.7,,13.05,84.63
JPN,Asia,Japan,2020-01-23,1.0,0.0,0.0,0.0,0.0,0.0,0.008,0.0,0.0,0.0,0.0,0.0,,,,,,,,,,2.78,126476458.0,347.778,48.2,27.049,18.493,39002.223,,79.37,5.72,11.2,33.7,,13.05,84.63
JPN,Asia,Japan,2020-01-24,2.0,1.0,0.143,0.0,0.0,0.0,0.016,0.008,0.001,0.0,0.0,0.0,,,,,,,,,,2.78,126476458.0,347.778,48.2,27.049,18.493,39002.223,,79.37,5.72,11.2,33.7,,13.05,84.63
JPN,Asia,Japan,2020-01-25,2.0,0.0,0.143,0.0,0.0,0.0,0.016,0.0,0.001,0.0,0.0,0.0,,,,,,,,,,2.78,126476458.0,347.778,48.2,27.049,18.493,39002.223,,79.37,5.72,11.2,33.7,,13.05,84.63
JPN,Asia,Japan,2020-01-26,3.0,1.0,0.286,0.0,0.0,0.0,0.024,0.008,0.002,0.0,0.0,0.0,,,,,,,,,,2.78,126476458.0,347.778,48.2,27.049,18.493,39002.223,,79.37,5.72,11.2,33.7,,13.05,84.63
JPN,Asia,Japan,2020-01-27,3.0,0.0,0.286,0.0,0.0,0.0,0.024,0.0,0.002,0.0,0.0,0.0,,,,,,,,,,2.78,126476458.0,347.778,48.2,27.049,18.493,39002.223,,79.37,5.72,11.2,33.7,,13.05,84.63
JPN,Asia,Japan,2020-01-28,4.0,1.0,0.429,0.0,0.0,0.0,0.032,0.008,0.003,0.0,0.0,0.0,,,,,,,,,,2.78,126476458.0,347.778,48.2,27.049,18.493,39002.223,,79.37,5.72,11.2,33.7,,13.05,84.63
JPN,Asia,Japan,2020-01-29,7.0,3.0,0.857,0.0,0.0,0.0,0.055,0.024,0.007,0.0,0.0,0.0,,,,,,,,,,2.78,126476458.0,347.778,48.2,27.049,18.493,39002.223,,79.37,5.72,11.2,33.7,,13.05,84.63
JPN,Asia,Japan,2020-01-30,11.0,4.0,1.429,0.0,0.0,0.0,0.087,0.032,0.011,0.0,0.0,0.0,,,,,,,,,,2.78,126476458.0,347.778,48.2,27.049,18.493,39002.223,,79.37,5.72,11.2,33.7,,13.05,84.63
JPN,Asia,Japan,2020-01-31,14.0,3.0,1.714,0.0,0.0,0.0,0.111,0.024,0.014,0.0,0.0,0.0,,,,,,,,,,2.78,126476458.0,347.778,48.2,27.049,18.493,39002.223,,79.37,5.72,11.2,33.7,,13.05,84.63
JPN,Asia,Japan,2020-02-01,15.0,1.0,1.857,0.0,0.0,0.0,0.119,0.008,0.015,0.0,0.0,0.0,,,,,,,,,,8.33,126476458.0,347.778,48.2,27.049,18.493,39002.223,,79.37,5.72,11.2,33.7,,13.05,84.63
JPN,Asia,Japan,2020-02-02,19.0,4.0,2.286,0.0,0.0,0.0,0.15,0.032,0.018,0.0,0.0,0.0,,,,,,,,,,8.33,126476458.0,347.778,48.2,27.049,18.493,39002.223,,79.37,5.72,11.2,33.7,,13.05,84.63
JPN,Asia,Japan,2020-02-03,20.0,1.0,2.429,0.0,0.0,0.0,0.158,0.008,0.019,0.0,0.0,0.0,,,,,,,,,,8.33,126476458.0,347.778,48.2,27.049,18.493,39002.223,,79.37,5.72,11.2,33.7,,13.05,84.63
JPN,Asia,Japan,2020-02-04,20.0,0.0,2.286,0.0,0.0,0.0,0.158,0.0,0.018,0.0,0.0,0.0,,,,,,,,,,19.44,126476458.0,347.778,48.2,27.049,18.493,39002.223,,79.37,5.72,11.2,33.7,,13.05,84.63
JPN,Asia,Japan,2020-02-05,25.0,5.0,2.571,0.0,0.0,0.0,0.198,0.04,0.02,0.0,0.0,0.0,,,,,,,,,,19.44,126476458.0,347.778,48.2,27.049,18.493,39002.223,,79.37,5.72,11.2,33.7,,13.05,84.63
JPN,Asia,Japan,2020-02-06,25.0,0.0,2.0,0.0,0.0,0.0,0.198,0.0,0.016,0.0,0.0,0.0,,,,,,,,,,19.44,126476458.0,347.778,48.2,27.049,18.493,39002.223,,79.37,5.72,11.2,33.7,,13.05,84.63
JPN,Asia,Japan,2020-02-07,25.0,0.0,1.571,0.0,0.0,0.0,0.198,0.0,0.012,0.0,0.0,0.0,,,,,,,,,,19.44,126476458.0,347.778,48.2,27.049,18.493,39002.223,,79.37,5.72,11.2,33.7,,13.05,84.63
JPN,Asia,Japan,2020-02-08,25.0,0.0,1.429,0.0,0.0,0.0,0.198,0.0,0.011,0.0,0.0,0.0,,,,,,,,,,19.44,126476458.0,347.778,48.2,27.049,18.493,39002.223,,79.37,5.72,11.2,33.7,,13.05,84.63
JPN,Asia,Japan,2020-02-09,25.0,0.0,0.857,0.0,0.0,0.0,0.198,0.0,0.007,0.0,0.0,0.0,,,,,,,,,,19.44,126476458.0,347.778,48.2,27.049,18.493,39002.223,,79.37,5.72,11.2,33.7,,13.05,84.63
JPN,Asia,Japan,2020-02-10,25.0,0.0,0.714,0.0,0.0,0.0,0.198,0.0,0.006,0.0,0.0,0.0,,,,,,,,,,19.44,126476458.0,347.778,48.2,27.049,18.493,39002.223,,79.37,5.72,11.2,33.7,,13.05,84.63
JPN,Asia,Japan,2020-02-11,25.0,0.0,0.714,0.0,0.0,0.0,0.198,0.0,0.006,0.0,0.0,0.0,,,,,,,,,,19.44,126476458.0,347.778,48.2,27.049,18.493,39002.223,,79.37,5.72,11.2,33.7,,13.05,84.63
JPN,Asia,Japan,2020-02-12,25.0,0.0,0.0,0.0,0.0,0.0,0.198,0.0,0.0,0.0,0.0,0.0,,,,,,,,,,19.44,126476458.0,347.778,48.2,27.049,18.493,39002.223,,79.37,5.72,11.2,33.7,,13.05,84.63
JPN,Asia,Japan,2020-02-13,29.0,4.0,0.571,1.0,1.0,0.143,0.229,0.032,0.005,0.008,0.008,0.001,,,,,,,,,,19.44,126476458.0,347.778,48.2,27.049,18.493,39002.223,,79.37,5.72,11.2,33.7,,13.05,84.63
JPN,Asia,Japan,2020-02-14,30.0,1.0,0.714,1.0,0.0,0.143,0.237,0.008,0.006,0.008,0.0,0.001,,,,,,,,,,19.44,126476458.0,347.778,48.2,27.049,18.493,39002.223,,79.37,5.72,11.2,33.7,,13.05,84.63
JPN,Asia,Japan,2020-02-15,38.0,8.0,1.857,1.0,0.0,0.143,0.3,0.063,0.015,0.008,0.0,0.001,,,,,,,,,,19.44,126476458.0,347.778,48.2,27.049,18.493,39002.223,,79.37,5.72,11.2,33.7,,13.05,84.63
JPN,Asia,Japan,2020-02-16,52.0,14.0,3.857,1.0,0.0,0.143,0.411,0.111,0.03,0.008,0.0,0.001,,,,,,,,,,19.44,126476458.0,347.778,48.2,27.049,18.493,39002.223,,79.37,5.72,11.2,33.7,,13.05,84.63
JPN,Asia,Japan,2020-02-17,59.0,7.0,4.857,1.0,0.0,0.143,0.466,0.055,0.038,0.008,0.0,0.001,,,,,,,,,,19.44,126476458.0,347.778,48.2,27.049,18.493,39002.223,,79.37,5.72,11.2,33.7,,13.05,84.63
JPN,Asia,Japan,2020-02-18,59.0,0.0,4.857,1.0,0.0,0.143,0.466,0.0,0.038,0.008,0.0,0.001,,,,,,,,,,19.44,126476458.0,347.778,48.2,27.049,18.493,39002.223,,79.37,5.72,11.2,33.7,,13.05,84.63
JPN,Asia,Japan,2020-02-19,66.0,7.0,5.857,1.0,0.0,0.143,0.522,0.055,0.046,0.008,0.0,0.001,,,,,,,,,,19.44,126476458.0,347.778,48.2,27.049,18.493,39002.223,,79.37,5.72,11.2,33.7,,13.05,84.63
JPN,Asia,Japan,2020-02-20,84.0,18.0,7.857,1.0,0.0,0.0,0.664,0.142,0.062,0.008,0.0,0.0,,,,,,,,,,25.0,126476458.0,347.778,48.2,27.049,18.493,39002.223,,79.37,5.72,11.2,33.7,,13.05,84.63
JPN,Asia,Japan,2020-02-21,93.0,9.0,9.0,1.0,0.0,0.0,0.735,0.071,0.071,0.008,0.0,0.0,,,,,,,,,,25.0,126476458.0,347.778,48.2,27.049,18.493,39002.223,,79.37,5.72,11.2,33.7,,13.05,84.63
JPN,Asia,Japan,2020-02-22,105.0,12.0,9.571,1.0,0.0,0.0,0.83,0.095,0.076,0.008,0.0,0.0,,5266.0,0.042,,,,,,tests performed,25.0,126476458.0,347.778,48.2,27.049,18.493,39002.223,,79.37,5.72,11.2,33.7,,13.05,84.63
JPN,Asia,Japan,2020-02-23,132.0,27.0,11.429,1.0,0.0,0.0,1.044,0.213,0.09,0.008,0.0,0.0,,,,,,,,,tests performed,25.0,126476458.0,347.778,48.2,27.049,18.493,39002.223,,79.37,5.72,11.2,33.7,,13.05,84.63
JPN,Asia,Japan,2020-02-24,144.0,12.0,12.143,1.0,0.0,0.0,1.139,0.095,0.096,0.008,0.0,0.0,,,,,,,,,tests performed,25.0,126476458.0,347.778,48.2,27.049,18.493,39002.223,,79.37,5.72,11.2,33.7,,13.05,84.63
JPN,Asia,Japan,2020-02-25,144.0,0.0,12.143,1.0,0.0,0.0,1.139,0.0,0.096,0.008,0.0,0.0,,,,,,,,,tests performed,34.26,126476458.0,347.778,48.2,27.049,18.493,39002.223,,79.37,5.72,11.2,33.7,,13.05,84.63
JPN,Asia,Japan,2020-02-26,164.0,20.0,14.0,1.0,0.0,0.0,1.297,0.158,0.111,0.008,0.0,0.0,,,,,,,,,tests performed,34.26,126476458.0,347.778,48.2,27.049,18.493,39002.223,,79.37,5.72,11.2,33.7,,13.05,84.63
JPN,Asia,Japan,2020-02-27,186.0,22.0,14.571,3.0,2.0,0.286,1.471,0.174,0.115,0.024,0.016,0.002,,,,,,,,,tests performed,34.26,126476458.0,347.778,48.2,27.049,18.493,39002.223,,79.37,5.72,11.2,33.7,,13.05,84.63
JPN,Asia,Japan,2020-02-28,210.0,24.0,16.714,3.0,0.0,0.286,1.66,0.19,0.132,0.024,0.0,0.002,,,,,,,,,tests performed,34.26,126476458.0,347.778,48.2,27.049,18.493,39002.223,,79.37,5.72,11.2,33.7,,13.05,84.63
JPN,Asia,Japan,2020-02-29,230.0,20.0,17.857,3.0,0.0,0.286,1.819,0.158,0.141,0.024,0.0,0.002,,12924.0,0.102,,1094.0,0.009,61.263999999999996,0.016,tests performed,34.26,126476458.0,347.778,48.2,27.049,18.493,39002.223,,79.37,5.72,11.2,33.7,,13.05,84.63
JPN,Asia,Japan,2020-03-01,239.0,9.0,15.286,5.0,2.0,0.571,1.89,0.071,0.121,0.04,0.016,0.005,,,,,1154.0,0.009,75.495,0.013000000000000001,tests performed,34.26,126476458.0,347.778,48.2,27.049,18.493,39002.223,,79.37,5.72,11.2,33.7,,13.05,84.63
JPN,Asia,Japan,2020-03-02,254.0,15.0,15.714,6.0,1.0,0.714,2.008,0.119,0.124,0.047,0.008,0.006,,,,,1215.0,0.01,77.318,0.013000000000000001,tests performed,43.52,126476458.0,347.778,48.2,27.049,18.493,39002.223,,79.37,5.72,11.2,33.7,,13.05,84.63
JPN,Asia,Japan,2020-03-03,254.0,0.0,15.714,6.0,0.0,0.714,2.008,0.0,0.124,0.047,0.0,0.006,,,,,1275.0,0.01,81.13600000000001,0.012,tests performed,43.52,126476458.0,347.778,48.2,27.049,18.493,39002.223,,79.37,5.72,11.2,33.7,,13.05,84.63
JPN,Asia,Japan,2020-03-04,268.0,14.0,14.857,6.0,0.0,0.714,2.119,0.111,0.117,0.047,0.0,0.006,,,,,1335.0,0.011,89.85600000000001,0.011000000000000001,tests performed,43.52,126476458.0,347.778,48.2,27.049,18.493,39002.223,,79.37,5.72,11.2,33.7,,13.05,84.63
JPN,Asia,Japan,2020-03-05,317.0,49.0,18.714,6.0,0.0,0.429,2.506,0.387,0.148,0.047,0.0,0.003,,,,,1395.0,0.011,74.542,0.013000000000000001,tests performed,43.52,126476458.0,347.778,48.2,27.049,18.493,39002.223,,79.37,5.72,11.2,33.7,,13.05,84.63
JPN,Asia,Japan,2020-03-06,349.0,32.0,19.857,6.0,0.0,0.429,2.759,0.253,0.157,0.047,0.0,0.003,,,,,1456.0,0.012,73.324,0.013999999999999999,tests performed,43.52,126476458.0,347.778,48.2,27.049,18.493,39002.223,,79.37,5.72,11.2,33.7,,13.05,84.63
JPN,Asia,Japan,2020-03-07,408.0,59.0,25.429,6.0,0.0,0.429,3.226,0.466,0.201,0.047,0.0,0.003,,23535.0,0.186,,1516.0,0.012,59.618,0.017,tests performed,43.52,126476458.0,347.778,48.2,27.049,18.493,39002.223,,79.37,5.72,11.2,33.7,,13.05,84.63
JPN,Asia,Japan,2020-03-08,455.0,47.0,30.857,6.0,0.0,0.143,3.598,0.372,0.244,0.047,0.0,0.001,,,,,1517.0,0.012,49.162,0.02,tests performed,43.52,126476458.0,347.778,48.2,27.049,18.493,39002.223,,79.37,5.72,11.2,33.7,,13.05,84.63
JPN,Asia,Japan,2020-03-09,488.0,33.0,33.429,7.0,1.0,0.143,3.858,0.261,0.264,0.055,0.008,0.001,,,,,1519.0,0.012,45.44,0.022000000000000002,tests performed,40.74,126476458.0,347.778,48.2,27.049,18.493,39002.223,,79.37,5.72,11.2,33.7,,13.05,84.63
JPN,Asia,Japan,2020-03-10,514.0,26.0,37.143,9.0,2.0,0.429,4.064,0.206,0.294,0.071,0.016,0.003,,,,,1521.0,0.012,40.95,0.024,tests performed,40.74,126476458.0,347.778,48.2,27.049,18.493,39002.223,,79.37,5.72,11.2,33.7,,13.05,84.63
JPN,Asia,Japan,2020-03-11,568.0,54.0,42.857,12.0,3.0,0.857,4.491,0.427,0.339,0.095,0.024,0.007,,,,,1522.0,0.012,35.513000000000005,0.027999999999999997,tests performed,40.74,126476458.0,347.778,48.2,27.049,18.493,39002.223,,79.37,5.72,11.2,33.7,,13.05,84.63
JPN,Asia,Japan,2020-03-12,619.0,51.0,43.143,15.0,3.0,1.286,4.894,0.403,0.341,0.119,0.024,0.01,,,,,1524.0,0.012,35.325,0.027999999999999997,tests performed,40.74,126476458.0,347.778,48.2,27.049,18.493,39002.223,,79.37,5.72,11.2,33.7,,13.05,84.63
JPN,Asia,Japan,2020-03-13,675.0,56.0,46.571,19.0,4.0,1.857,5.337,0.443,0.368,0.15,0.032,0.015,,,,,1525.0,0.012,32.745,0.031,tests performed,40.74,126476458.0,347.778,48.2,27.049,18.493,39002.223,,79.37,5.72,11.2,33.7,,13.05,84.63
JPN,Asia,Japan,2020-03-14,737.0,62.0,47.0,21.0,2.0,2.143,5.827,0.49,0.372,0.166,0.016,0.017,,34224.0,0.271,,1527.0,0.012,32.489000000000004,0.031,tests performed,40.74,126476458.0,347.778,48.2,27.049,18.493,39002.223,,79.37,5.72,11.2,33.7,,13.05,84.63
JPN,Asia,Japan,2020-03-15,780.0,43.0,46.429,22.0,1.0,2.286,6.167,0.34,0.367,0.174,0.008,0.018,,,,,1500.0,0.012,32.308,0.031,tests performed,40.74,126476458.0,347.778,48.2,27.049,18.493,39002.223,,79.37,5.72,11.2,33.7,,13.05,84.63
JPN,Asia,Japan,2020-03-16,814.0,34.0,46.571,24.0,2.0,2.429,6.436,0.269,0.368,0.19,0.016,0.019,,,,,1473.0,0.012,31.629,0.032,tests performed,40.74,126476458.0,347.778,48.2,27.049,18.493,39002.223,,79.37,5.72,11.2,33.7,,13.05,84.63
JPN,Asia,Japan,2020-03-17,824.0,10.0,44.286,28.0,4.0,2.714,6.515,0.079,0.35,0.221,0.032,0.021,,,,,1446.0,0.011,32.652,0.031,tests performed,40.74,126476458.0,347.778,48.2,27.049,18.493,39002.223,,79.37,5.72,11.2,33.7,,13.05,84.63
JPN,Asia,Japan,2020-03-18,829.0,5.0,37.286,28.0,0.0,2.286,6.555,0.04,0.295,0.221,0.0,0.018,,,,,1419.0,0.011,38.056999999999995,0.026000000000000002,tests performed,40.74,126476458.0,347.778,48.2,27.049,18.493,39002.223,,79.37,5.72,11.2,33.7,,13.05,84.63
JPN,Asia,Japan,2020-03-19,873.0,44.0,36.286,29.0,1.0,2.0,6.902,0.348,0.287,0.229,0.008,0.016,,,,,1393.0,0.011,38.39,0.026000000000000002,tests performed,40.74,126476458.0,347.778,48.2,27.049,18.493,39002.223,,79.37,5.72,11.2,33.7,,13.05,84.63
JPN,Asia,Japan,2020-03-20,950.0,77.0,39.286,33.0,4.0,2.0,7.511,0.609,0.311,0.261,0.032,0.016,,,,,1366.0,0.011,34.771,0.028999999999999998,tests performed,40.74,126476458.0,347.778,48.2,27.049,18.493,39002.223,,79.37,5.72,11.2,33.7,,13.05,84.63
JPN,Asia,Japan,2020-03-21,1007.0,57.0,38.571,35.0,2.0,2.0,7.962,0.451,0.305,0.277,0.016,0.016,,43596.0,0.345,,1339.0,0.011,34.715,0.028999999999999998,tests performed,40.74,126476458.0,347.778,48.2,27.049,18.493,39002.223,,79.37,5.72,11.2,33.7,,13.05,84.63
JPN,Asia,Japan,2020-03-22,1046.0,39.0,38.0,36.0,1.0,2.0,8.27,0.308,0.3,0.285,0.008,0.016,,,,,1422.0,0.011,37.421,0.027000000000000003,tests performed,40.74,126476458.0,347.778,48.2,27.049,18.493,39002.223,,79.37,5.72,11.2,33.7,,13.05,84.63
JPN,Asia,Japan,2020-03-23,1089.0,43.0,39.286,41.0,5.0,2.429,8.61,0.34,0.311,0.324,0.04,0.019,,,,,1504.0,0.012,38.284,0.026000000000000002,tests performed,40.74,126476458.0,347.778,48.2,27.049,18.493,39002.223,,79.37,5.72,11.2,33.7,,13.05,84.63
JPN,Asia,Japan,2020-03-24,1128.0,39.0,43.429,42.0,1.0,2.0,8.919,0.308,0.343,0.332,0.008,0.016,,,,,1587.0,0.013,36.543,0.027000000000000003,tests performed,40.74,126476458.0,347.778,48.2,27.049,18.493,39002.223,,79.37,5.72,11.2,33.7,,13.05,84.63
JPN,Asia,Japan,2020-03-25,1193.0,65.0,52.0,43.0,1.0,2.143,9.433,0.514,0.411,0.34,0.008,0.017,,,,,1670.0,0.013,32.115,0.031,tests performed,40.74,126476458.0,347.778,48.2,27.049,18.493,39002.223,,79.37,5.72,11.2,33.7,,13.05,84.63
JPN,Asia,Japan,2020-03-26,1268.0,75.0,56.429,45.0,2.0,2.286,10.026,0.593,0.446,0.356,0.016,0.018,,,,,1752.0,0.014,31.048000000000002,0.032,tests performed,40.74,126476458.0,347.778,48.2,27.049,18.493,39002.223,,79.37,5.72,11.2,33.7,,13.05,84.63
JPN,Asia,Japan,2020-03-27,1364.0,96.0,59.143,46.0,1.0,1.857,10.785,0.759,0.468,0.364,0.008,0.015,,,,,1835.0,0.015,31.026999999999997,0.032,tests performed,40.74,126476458.0,347.778,48.2,27.049,18.493,39002.223,,79.37,5.72,11.2,33.7,,13.05,84.63
JPN,Asia,Japan,2020-03-28,1499.0,135.0,70.286,49.0,3.0,2.0,11.852,1.067,0.556,0.387,0.024,0.016,,57021.0,0.451,,1918.0,0.015,27.289,0.037000000000000005,tests performed,40.74,126476458.0,347.778,48.2,27.049,18.493,39002.223,,79.37,5.72,11.2,33.7,,13.05,84.63
JPN,Asia,Japan,2020-03-29,1693.0,194.0,92.429,52.0,3.0,2.286,13.386,1.534,0.731,0.411,0.024,0.018,,,,,2260.0,0.018,24.451,0.040999999999999995,tests performed,40.74,126476458.0,347.778,48.2,27.049,18.493,39002.223,,79.37,5.72,11.2,33.7,,13.05,84.63
JPN,Asia,Japan,2020-03-30,1866.0,173.0,111.0,54.0,2.0,1.857,14.754,1.368,0.878,0.427,0.016,0.015,,,,,2603.0,0.021,23.45,0.043,tests performed,40.74,126476458.0,347.778,48.2,27.049,18.493,39002.223,,79.37,5.72,11.2,33.7,,13.05,84.63
JPN,Asia,Japan,2020-03-31,1953.0,87.0,117.857,56.0,2.0,2.0,15.442,0.688,0.932,0.443,0.016,0.016,,,,,2945.0,0.023,24.988000000000003,0.04,tests performed,40.74,126476458.0,347.778,48.2,27.049,18.493,39002.223,,79.37,5.72,11.2,33.7,,13.05,84.63
JPN,Asia,Japan,2020-04-01,1953.0,0.0,108.571,56.0,0.0,1.857,15.442,0.0,0.858,0.443,0.0,0.015,,,,,3288.0,0.026,30.284000000000002,0.033,tests performed,40.74,126476458.0,347.778,48.2,27.049,18.493,39002.223,,79.37,5.72,11.2,33.7,,13.05,84.63
JPN,Asia,Japan,2020-04-02,2178.0,225.0,130.0,57.0,1.0,1.714,17.221,1.779,1.028,0.451,0.008,0.014,,,,,3631.0,0.029,27.930999999999997,0.036000000000000004,tests performed,40.74,126476458.0,347.778,48.2,27.049,18.493,39002.223,,79.37,5.72,11.2,33.7,,13.05,84.63
JPN,Asia,Japan,2020-04-03,2617.0,439.0,179.0,63.0,6.0,2.429,20.692,3.471,1.415,0.498,0.047,0.019,,,,,3973.0,0.031,22.195999999999998,0.045,tests performed,43.52,126476458.0,347.778,48.2,27.049,18.493,39002.223,,79.37,5.72,11.2,33.7,,13.05,84.63
JPN,Asia,Japan,2020-04-04,2935.0,318.0,205.143,69.0,6.0,2.857,23.206,2.514,1.622,0.546,0.047,0.023,,87230.0,0.69,,4316.0,0.034,21.039,0.048,tests performed,43.52,126476458.0,347.778,48.2,27.049,18.493,39002.223,,79.37,5.72,11.2,33.7,,13.05,84.63
JPN,Asia,Japan,2020-04-05,3271.0,336.0,225.429,70.0,1.0,2.571,25.863,2.657,1.782,0.553,0.008,0.02,,,,,4696.0,0.037,20.831,0.048,tests performed,43.52,126476458.0,347.778,48.2,27.049,18.493,39002.223,,79.37,5.72,11.2,33.7,,13.05,84.63
JPN,Asia,Japan,2020-04-06,3654.0,383.0,255.429,73.0,3.0,2.714,28.891,3.028,2.02,0.577,0.024,0.021,,,,,5076.0,0.04,19.872,0.05,tests performed,43.52,126476458.0,347.778,48.2,27.049,18.493,39002.223,,79.37,5.72,11.2,33.7,,13.05,84.63
JPN,Asia,Japan,2020-04-07,3906.0,252.0,279.0,80.0,7.0,3.429,30.883,1.992,2.206,0.633,0.055,0.027,,,,,5457.0,0.043,19.559,0.051,tests performed,45.37,126476458.0,347.778,48.2,27.049,18.493,39002.223,,79.37,5.72,11.2,33.7,,13.05,84.63
JPN,Asia,Japan,2020-04-08,4257.0,351.0,329.143,81.0,1.0,3.571,33.658,2.775,2.602,0.64,0.008,0.028,,,,,5837.0,0.046,17.734,0.055999999999999994,tests performed,45.37,126476458.0,347.778,48.2,27.049,18.493,39002.223,,79.37,5.72,11.2,33.7,,13.05,84.63
JPN,Asia,Japan,2020-04-09,4768.0,511.0,370.0,85.0,4.0,4.0,37.699,4.04,2.925,0.672,0.032,0.032,,,,,6218.0,0.049,16.805,0.06,tests performed,45.37,126476458.0,347.778,48.2,27.049,18.493,39002.223,,79.37,5.72,11.2,33.7,,13.05,84.63
JPN,Asia,Japan,2020-04-10,5347.0,579.0,390.0,88.0,3.0,3.571,42.277,4.578,3.084,0.696,0.024,0.028,,,,,6598.0,0.052,16.918,0.059000000000000004,tests performed,45.37,126476458.0,347.778,48.2,27.049,18.493,39002.223,,79.37,5.72,11.2,33.7,,13.05,84.63
JPN,Asia,Japan,2020-04-11,6005.0,658.0,438.571,94.0,6.0,3.571,47.479,5.203,3.468,0.743,0.047,0.028,,136080.0,1.076,,6979.0,0.055,15.913,0.063,tests performed,45.37,126476458.0,347.778,48.2,27.049,18.493,39002.223,,79.37,5.72,11.2,33.7,,13.05,84.63
JPN,Asia,Japan,2020-04-12,6748.0,743.0,496.714,98.0,4.0,4.0,53.354,5.875,3.927,0.775,0.032,0.032,,,,,7147.0,0.057,14.389000000000001,0.069,tests performed,45.37,126476458.0,347.778,48.2,27.049,18.493,39002.223,,79.37,5.72,11.2,33.7,,13.05,84.63
JPN,Asia,Japan,2020-04-13,7255.0,507.0,514.429,102.0,4.0,4.143,57.362,4.009,4.067,0.806,0.032,0.033,,,,,7316.0,0.058,14.222000000000001,0.07,tests performed,45.37,126476458.0,347.778,48.2,27.049,18.493,39002.223,,79.37,5.72,11.2,33.7,,13.05,84.63
JPN,Asia,Japan,2020-04-14,7645.0,390.0,534.143,109.0,7.0,4.143,60.446,3.084,4.223,0.862,0.055,0.033,,,,,7485.0,0.059,14.013,0.071,tests performed,45.37,126476458.0,347.778,48.2,27.049,18.493,39002.223,,79.37,5.72,11.2,33.7,,13.05,84.63
JPN,Asia,Japan,2020-04-15,8100.0,455.0,549.0,119.0,10.0,5.429,64.044,3.598,4.341,0.941,0.079,0.043,,,,,7654.0,0.061,13.942,0.07200000000000001,tests performed,45.37,126476458.0,347.778,48.2,27.049,18.493,39002.223,,79.37,5.72,11.2,33.7,,13.05,84.63
JPN,Asia,Japan,2020-04-16,8582.0,482.0,544.857,136.0,17.0,7.286,67.855,3.811,4.308,1.075,0.134,0.058,,,,,7823.0,0.062,14.357999999999999,0.07,tests performed,47.22,126476458.0,347.778,48.2,27.049,18.493,39002.223,,79.37,5.72,11.2,33.7,,13.05,84.63
JPN,Asia,Japan,2020-04-17,9167.0,585.0,545.714,148.0,12.0,8.571,72.48,4.625,4.315,1.17,0.095,0.068,,,,,7991.0,0.063,14.642999999999999,0.068,tests performed,47.22,126476458.0,347.778,48.2,27.049,18.493,39002.223,,79.37,5.72,11.2,33.7,,13.05,84.63
JPN,Asia,Japan,2020-04-18,9795.0,628.0,541.429,154.0,6.0,8.571,77.445,4.965,4.281,1.218,0.047,0.068,,193202.0,1.528,,8160.0,0.065,15.071,0.066,tests performed,47.22,126476458.0,347.778,48.2,27.049,18.493,39002.223,,79.37,5.72,11.2,33.7,,13.05,84.63
JPN,Asia,Japan,2020-04-19,10361.0,566.0,516.143,161.0,7.0,9.0,81.92,4.475,4.081,1.273,0.055,0.071,,,,,8184.0,0.065,15.856,0.063,tests performed,47.22,126476458.0,347.778,48.2,27.049,18.493,39002.223,,79.37,5.72,11.2,33.7,,13.05,84.63
JPN,Asia,Japan,2020-04-20,10751.0,390.0,499.429,171.0,10.0,9.857,85.004,3.084,3.949,1.352,0.079,0.078,,,,,8207.0,0.065,16.433,0.061,tests performed,47.22,126476458.0,347.778,48.2,27.049,18.493,39002.223,,79.37,5.72,11.2,33.7,,13.05,84.63
JPN,Asia,Japan,2020-04-21,11118.0,367.0,496.143,186.0,15.0,11.0,87.906,2.902,3.923,1.471,0.119,0.087,,,,,8231.0,0.065,16.59,0.06,tests performed,47.22,126476458.0,347.778,48.2,27.049,18.493,39002.223,,79.37,5.72,11.2,33.7,,13.05,84.63
JPN,Asia,Japan,2020-04-22,11496.0,378.0,485.143,186.0,0.0,9.571,90.894,2.989,3.836,1.471,0.0,0.076,,,,,8254.0,0.065,17.014,0.059000000000000004,tests performed,47.22,126476458.0,347.778,48.2,27.049,18.493,39002.223,,79.37,5.72,11.2,33.7,,13.05,84.63
JPN,Asia,Japan,2020-04-23,11772.0,276.0,455.714,287.0,101.0,21.571,93.077,2.182,3.603,2.269,0.799,0.171,,,,,8278.0,0.065,18.165,0.055,tests performed,47.22,126476458.0,347.778,48.2,27.049,18.493,39002.223,,79.37,5.72,11.2,33.7,,13.05,84.63
JPN,Asia,Japan,2020-04-24,12240.0,468.0,439.0,317.0,30.0,24.143,96.777,3.7,3.471,2.506,0.237,0.191,,,,,8301.0,0.066,18.909000000000002,0.053,tests performed,47.22,126476458.0,347.778,48.2,27.049,18.493,39002.223,,79.37,5.72,11.2,33.7,,13.05,84.63
JPN,Asia,Japan,2020-04-25,12892.0,652.0,442.429,334.0,17.0,25.714,101.932,5.155,3.498,2.641,0.134,0.203,,251473.0,1.988,,8324.0,0.066,18.814,0.053,tests performed,47.22,126476458.0,347.778,48.2,27.049,18.493,39002.223,,79.37,5.72,11.2,33.7,,13.05,84.63
JPN,Asia,Japan,2020-04-26,13182.0,290.0,403.0,348.0,14.0,26.714,104.225,2.293,3.186,2.752,0.111,0.211,,,,,8281.0,0.065,20.548000000000002,0.049,tests performed,47.22,126476458.0,347.778,48.2,27.049,18.493,39002.223,,79.37,5.72,11.2,33.7,,13.05,84.63
JPN,Asia,Japan,2020-04-27,13385.0,203.0,376.286,351.0,3.0,25.714,105.83,1.605,2.975,2.775,0.024,0.203,,,,,8237.0,0.065,21.89,0.046,tests performed,47.22,126476458.0,347.778,48.2,27.049,18.493,39002.223,,79.37,5.72,11.2,33.7,,13.05,84.63
JPN,Asia,Japan,2020-04-28,13576.0,191.0,351.143,376.0,25.0,27.143,107.34,1.51,2.776,2.973,0.198,0.215,,,,,8193.0,0.065,23.331999999999997,0.043,tests performed,47.22,126476458.0,347.778,48.2,27.049,18.493,39002.223,,79.37,5.72,11.2,33.7,,13.05,84.63
JPN,Asia,Japan,2020-04-29,13852.0,276.0,336.571,389.0,13.0,29.0,109.522,2.182,2.661,3.076,0.103,0.229,,,,,8149.0,0.064,24.212,0.040999999999999995,tests performed,47.22,126476458.0,347.778,48.2,27.049,18.493,39002.223,,79.37,5.72,11.2,33.7,,13.05,84.63
JPN,Asia,Japan,2020-04-30,14088.0,236.0,330.857,415.0,26.0,18.286,111.388,1.866,2.616,3.281,0.206,0.145,,,,,8106.0,0.064,24.5,0.040999999999999995,tests performed,47.22,126476458.0,347.778,48.2,27.049,18.493,39002.223,,79.37,5.72,11.2,33.7,,13.05,84.63
JPN,Asia,Japan,2020-05-01,14281.0,193.0,291.571,432.0,17.0,16.429,112.914,1.526,2.305,3.416,0.134,0.13,,,,,8062.0,0.064,27.65,0.036000000000000004,tests performed,47.22,126476458.0,347.778,48.2,27.049,18.493,39002.223,,79.37,5.72,11.2,33.7,,13.05,84.63
JPN,Asia,Japan,2020-05-02,14544.0,263.0,236.0,458.0,26.0,17.714,114.994,2.079,1.866,3.621,0.206,0.14,,307601.0,2.432,,8018.0,0.063,33.975,0.028999999999999998,tests performed,47.22,126476458.0,347.778,48.2,27.049,18.493,39002.223,,79.37,5.72,11.2,33.7,,13.05,84.63
JPN,Asia,Japan,2020-05-03,14839.0,295.0,236.714,492.0,34.0,20.571,117.326,2.332,1.872,3.89,0.269,0.163,,,,,7825.0,0.062,33.056999999999995,0.03,tests performed,47.22,126476458.0,347.778,48.2,27.049,18.493,39002.223,,79.37,5.72,11.2,33.7,,13.05,84.63
JPN,Asia,Japan,2020-05-04,15057.0,218.0,238.857,510.0,18.0,22.714,119.05,1.724,1.889,4.032,0.142,0.18,,,,,7631.0,0.06,31.948,0.031,tests performed,47.22,126476458.0,347.778,48.2,27.049,18.493,39002.223,,79.37,5.72,11.2,33.7,,13.05,84.63
JPN,Asia,Japan,2020-05-05,15231.0,174.0,236.429,521.0,11.0,20.714,120.426,1.376,1.869,4.119,0.087,0.164,,,,,7437.0,0.059,31.456,0.032,tests performed,47.22,126476458.0,347.778,48.2,27.049,18.493,39002.223,,79.37,5.72,11.2,33.7,,13.05,84.63
JPN,Asia,Japan,2020-05-06,15354.0,123.0,214.571,543.0,22.0,22.0,121.398,0.973,1.697,4.293,0.174,0.174,,,,,7243.0,0.057,33.756,0.03,tests performed,47.22,126476458.0,347.778,48.2,27.049,18.493,39002.223,,79.37,5.72,11.2,33.7,,13.05,84.63
JPN,Asia,Japan,2020-05-07,15463.0,109.0,196.429,551.0,8.0,19.429,122.26,0.862,1.553,4.357,0.063,0.154,,,,,7050.0,0.056,35.891,0.027999999999999997,tests performed,47.22,126476458.0,347.778,48.2,27.049,18.493,39002.223,,79.37,5.72,11.2,33.7,,13.05,84.63
JPN,Asia,Japan,2020-05-08,15547.0,84.0,180.857,557.0,6.0,17.857,122.924,0.664,1.43,4.404,0.047,0.141,,,,,6856.0,0.054,37.908,0.026000000000000002,tests performed,47.22,126476458.0,347.778,48.2,27.049,18.493,39002.223,,79.37,5.72,11.2,33.7,,13.05,84.63
JPN,Asia,Japan,2020-05-09,15628.0,81.0,154.857,601.0,44.0,20.429,123.564,0.64,1.224,4.752,0.348,0.162,,354236.0,2.801,,6662.0,0.053,43.02,0.023,tests performed,47.22,126476458.0,347.778,48.2,27.049,18.493,39002.223,,79.37,5.72,11.2,33.7,,13.05,84.63
JPN,Asia,Japan,2020-05-10,15747.0,119.0,129.714,613.0,12.0,17.286,124.505,0.941,1.026,4.847,0.095,0.137,,,,,6782.0,0.054,52.284,0.019,tests performed,47.22,126476458.0,347.778,48.2,27.049,18.493,39002.223,,79.37,5.72,11.2,33.7,,13.05,84.63
JPN,Asia,Japan,2020-05-11,15798.0,51.0,105.857,621.0,8.0,15.857,124.909,0.403,0.837,4.91,0.063,0.125,,,,,6902.0,0.055,65.20100000000001,0.015,tests performed,47.22,126476458.0,347.778,48.2,27.049,18.493,39002.223,,79.37,5.72,11.2,33.7,,13.05,84.63
JPN,Asia,Japan,2020-05-12,15874.0,76.0,91.857,643.0,22.0,17.429,125.51,0.601,0.726,5.084,0.174,0.138,,,,,7022.0,0.056,76.445,0.013000000000000001,tests performed,47.22,126476458.0,347.778,48.2,27.049,18.493,39002.223,,79.37,5.72,11.2,33.7,,13.05,84.63
JPN,Asia,Japan,2020-05-13,16024.0,150.0,95.714,668.0,25.0,17.857,126.696,1.186,0.757,5.282,0.198,0.141,,,,,7142.0,0.056,74.618,0.013000000000000001,tests performed,47.22,126476458.0,347.778,48.2,27.049,18.493,39002.223,,79.37,5.72,11.2,33.7,,13.05,84.63
JPN,Asia,Japan,2020-05-14,16079.0,55.0,88.0,687.0,19.0,19.429,127.13,0.435,0.696,5.432,0.15,0.154,,,,,7262.0,0.057,82.523,0.012,tests performed,40.74,126476458.0,347.778,48.2,27.049,18.493,39002.223,,79.37,5.72,11.2,33.7,,13.05,84.63
JPN,Asia,Japan,2020-05-15,16193.0,114.0,92.286,710.0,23.0,21.857,128.032,0.901,0.73,5.614,0.182,0.173,,,,,7382.0,0.058,79.991,0.013000000000000001,tests performed,40.74,126476458.0,347.778,48.2,27.049,18.493,39002.223,,79.37,5.72,11.2,33.7,,13.05,84.63
JPN,Asia,Japan,2020-05-16,16237.0,44.0,87.0,725.0,15.0,17.714,128.38,0.348,0.688,5.732,0.119,0.14,,406752.0,3.216,,7502.0,0.059,86.23,0.012,tests performed,40.74,126476458.0,347.778,48.2,27.049,18.493,39002.223,,79.37,5.72,11.2,33.7,,13.05,84.63
JPN,Asia,Japan,2020-05-17,16285.0,48.0,76.857,744.0,19.0,18.714,128.759,0.38,0.608,5.883,0.15,0.148,,,,,7262.0,0.057,94.48700000000001,0.011000000000000001,tests performed,40.74,126476458.0,347.778,48.2,27.049,18.493,39002.223,,79.37,5.72,11.2,33.7,,13.05,84.63
JPN,Asia,Japan,2020-05-18,16305.0,20.0,72.429,749.0,5.0,18.286,128.917,0.158,0.573,5.922,0.04,0.145,,,,,7021.0,0.056,96.93700000000001,0.01,tests performed,40.74,126476458.0,347.778,48.2,27.049,18.493,39002.223,,79.37,5.72,11.2,33.7,,13.05,84.63
JPN,Asia,Japan,2020-05-19,16365.0,60.0,70.143,763.0,14.0,17.143,129.392,0.474,0.555,6.033,0.111,0.136,,,,,6781.0,0.054,96.67399999999999,0.01,tests performed,40.74,126476458.0,347.778,48.2,27.049,18.493,39002.223,,79.37,5.72,11.2,33.7,,13.05,84.63
JPN,Asia,Japan,2020-05-20,16385.0,20.0,51.571,771.0,8.0,14.714,129.55,0.158,0.408,6.096,0.063,0.116,,,,,6540.0,0.052,126.814,0.008,tests performed,40.74,126476458.0,347.778,48.2,27.049,18.493,39002.223,,79.37,5.72,11.2,33.7,,13.05,84.63
JPN,Asia,Japan,2020-05-21,16424.0,39.0,49.286,777.0,6.0,12.857,129.858,0.308,0.39,6.143,0.047,0.102,,,,,6300.0,0.05,127.82600000000001,0.008,tests performed,40.74,126476458.0,347.778,48.2,27.049,18.493,39002.223,,79.37,5.72,11.2,33.7,,13.05,84.63
JPN,Asia,Japan,2020-05-22,16513.0,89.0,45.714,796.0,19.0,12.286,130.562,0.704,0.361,6.294,0.15,0.097,,,,,6059.0,0.048,132.541,0.008,tests performed,40.74,126476458.0,347.778,48.2,27.049,18.493,39002.223,,79.37,5.72,11.2,33.7,,13.05,84.63
JPN,Asia,Japan,2020-05-23,16536.0,23.0,42.714,808.0,12.0,11.857,130.744,0.182,0.338,6.389,0.095,0.094,,447484.0,3.538,,5819.0,0.046,136.231,0.006999999999999999,tests performed,40.74,126476458.0,347.778,48.2,27.049,18.493,39002.223,,79.37,5.72,11.2,33.7,,13.05,84.63
JPN,Asia,Japan,2020-05-24,16550.0,14.0,37.857,820.0,12.0,10.857,130.854,0.111,0.299,6.483,0.095,0.086,,,,,5753.0,0.045,151.966,0.006999999999999999,tests performed,40.74,126476458.0,347.778,48.2,27.049,18.493,39002.223,,79.37,5.72,11.2,33.7,,13.05,84.63
JPN,Asia,Japan,2020-05-25,16581.0,31.0,39.429,830.0,10.0,11.571,131.099,0.245,0.312,6.562,0.079,0.091,,,,,5686.0,0.045,144.21,0.006999999999999999,tests performed,31.48,126476458.0,347.778,48.2,27.049,18.493,39002.223,,79.37,5.72,11.2,33.7,,13.05,84.63
JPN,Asia,Japan,2020-05-26,16623.0,42.0,36.857,846.0,16.0,11.857,131.432,0.332,0.291,6.689,0.127,0.094,,,,,5620.0,0.044,152.481,0.006999999999999999,tests performed,34.26,126476458.0,347.778,48.2,27.049,18.493,39002.223,,79.37,5.72,11.2,33.7,,13.05,84.63
JPN,Asia,Japan,2020-05-27,16651.0,28.0,38.0,858.0,12.0,12.429,131.653,0.221,0.3,6.784,0.095,0.098,,,,,5554.0,0.044,146.158,0.006999999999999999,tests performed,34.26,126476458.0,347.778,48.2,27.049,18.493,39002.223,,79.37,5.72,11.2,33.7,,13.05,84.63
JPN,Asia,Japan,2020-05-28,16651.0,0.0,32.429,858.0,0.0,11.571,131.653,0.0,0.256,6.784,0.0,0.091,,,,,5488.0,0.043,169.233,0.006,tests performed,34.26,126476458.0,347.778,48.2,27.049,18.493,39002.223,,79.37,5.72,11.2,33.7,,13.05,84.63
JPN,Asia,Japan,2020-05-29,16719.0,68.0,29.429,874.0,16.0,11.143,132.191,0.538,0.233,6.91,0.127,0.088,,,,,5422.0,0.043,184.243,0.005,tests performed,34.26,126476458.0,347.778,48.2,27.049,18.493,39002.223,,79.37,5.72,11.2,33.7,,13.05,84.63
JPN,Asia,Japan,2020-05-30,16804.0,85.0,38.286,886.0,12.0,11.143,132.863,0.672,0.303,7.005,0.095,0.088,,484972.0,3.834,,5355.0,0.042,139.869,0.006999999999999999,tests performed,34.26,126476458.0,347.778,48.2,27.049,18.493,39002.223,,79.37,5.72,11.2,33.7,,13.05,84.63
JPN,Asia,Japan,2020-05-31,16851.0,47.0,43.0,891.0,5.0,10.143,133.234,0.372,0.34,7.045,0.04,0.08,,,,,5499.0,0.043,127.884,0.008,tests performed,34.26,126476458.0,347.778,48.2,27.049,18.493,39002.223,,79.37,5.72,11.2,33.7,,13.05,84.63
JPN,Asia,Japan,2020-06-01,16884.0,33.0,43.286,892.0,1.0,8.857,133.495,0.261,0.342,7.053,0.008,0.07,,,,,5642.0,0.045,130.343,0.008,tests performed,26.85,126476458.0,347.778,48.2,27.049,18.493,39002.223,,79.37,5.72,11.2,33.7,,13.05,84.63
JPN,Asia,Japan,2020-06-02,16930.0,46.0,43.857,894.0,2.0,6.857,133.859,0.364,0.347,7.069,0.016,0.054,,,,,5785.0,0.046,131.906,0.008,tests performed,26.85,126476458.0,347.778,48.2,27.049,18.493,39002.223,,79.37,5.72,11.2,33.7,,13.05,84.63
JPN,Asia,Japan,2020-06-03,16986.0,56.0,47.857,900.0,6.0,6.0,134.302,0.443,0.378,7.116,0.047,0.047,,,,,5929.0,0.047,123.89,0.008,tests performed,26.85,126476458.0,347.778,48.2,27.049,18.493,39002.223,,79.37,5.72,11.2,33.7,,13.05,84.63
JPN,Asia,Japan,2020-06-04,17018.0,32.0,52.429,903.0,3.0,6.429,134.555,0.253,0.415,7.14,0.024,0.051,,,,,6072.0,0.048,115.815,0.009000000000000001,tests performed,26.85,126476458.0,347.778,48.2,27.049,18.493,39002.223,,79.37,5.72,11.2,33.7,,13.05,84.63
JPN,Asia,Japan,2020-06-05,17064.0,46.0,49.286,907.0,4.0,4.714,134.918,0.364,0.39,7.171,0.032,0.037,,,,,6215.0,0.049,126.101,0.008,tests performed,26.85,126476458.0,347.778,48.2,27.049,18.493,39002.223,,79.37,5.72,11.2,33.7,,13.05,84.63
JPN,Asia,Japan,2020-06-06,17103.0,39.0,42.714,914.0,7.0,4.0,135.227,0.308,0.338,7.227,0.055,0.032,,529482.0,4.186,,6359.0,0.05,148.873,0.006999999999999999,tests performed,26.85,126476458.0,347.778,48.2,27.049,18.493,39002.223,,79.37,5.72,11.2,33.7,,13.05,84.63
JPN,Asia,Japan,2020-06-07,17141.0,38.0,41.429,916.0,2.0,3.571,135.527,0.3,0.328,7.242,0.016,0.028,,,,,6417.0,0.051,154.893,0.006,tests performed,26.85,126476458.0,347.778,48.2,27.049,18.493,39002.223,,79.37,5.72,11.2,33.7,,13.05,84.63
JPN,Asia,Japan,2020-06-08,17174.0,33.0,41.429,916.0,0.0,3.429,135.788,0.261,0.328,7.242,0.0,0.027,,,,,6475.0,0.051,156.293,0.006,tests performed,26.85,126476458.0,347.778,48.2,27.049,18.493,39002.223,,79.37,5.72,11.2,33.7,,13.05,84.63
JPN,Asia,Japan,2020-06-09,17210.0,36.0,40.0,916.0,0.0,3.143,136.073,0.285,0.316,7.242,0.0,0.025,,,,,6533.0,0.052,163.325,0.006,tests performed,26.85,126476458.0,347.778,48.2,27.049,18.493,39002.223,,79.37,5.72,11.2,33.7,,13.05,84.63
JPN,Asia,Japan,2020-06-10,17251.0,41.0,37.857,919.0,3.0,2.714,136.397,0.324,0.299,7.266,0.024,0.021,,,,,6591.0,0.052,174.102,0.006,tests performed,26.85,126476458.0,347.778,48.2,27.049,18.493,39002.223,,79.37,5.72,11.2,33.7,,13.05,84.63
JPN,Asia,Japan,2020-06-11,17292.0,41.0,39.143,920.0,1.0,2.429,136.721,0.324,0.309,7.274,0.008,0.019,,,,,6649.0,0.053,169.865,0.006,tests performed,26.85,126476458.0,347.778,48.2,27.049,18.493,39002.223,,79.37,5.72,11.2,33.7,,13.05,84.63
JPN,Asia,Japan,2020-06-12,17332.0,40.0,38.286,922.0,2.0,2.143,137.037,0.316,0.303,7.29,0.016,0.017,,,,,6707.0,0.053,175.183,0.006,tests performed,26.85,126476458.0,347.778,48.2,27.049,18.493,39002.223,,79.37,5.72,11.2,33.7,,13.05,84.63
JPN,Asia,Japan,2020-06-13,17382.0,50.0,39.857,924.0,2.0,1.429,137.433,0.395,0.315,7.306,0.016,0.011,,576841.0,4.561,,6766.0,0.053,169.75599999999997,0.006,tests performed,26.85,126476458.0,347.778,48.2,27.049,18.493,39002.223,,79.37,5.72,11.2,33.7,,13.05,84.63
JPN,Asia,Japan,2020-06-14,17429.0,47.0,41.143,925.0,1.0,1.286,137.804,0.372,0.325,7.314,0.008,0.01,,,,,6740.0,0.053,163.819,0.006,tests performed,26.85,126476458.0,347.778,48.2,27.049,18.493,39002.223,,79.37,5.72,11.2,33.7,,13.05,84.63
JPN,Asia,Japan,2020-06-15,17502.0,73.0,46.857,925.0,0.0,1.286,138.381,0.577,0.37,7.314,0.0,0.01,,,,,6715.0,0.053,143.308,0.006999999999999999,tests performed,26.85,126476458.0,347.778,48.2,27.049,18.493,39002.223,,79.37,5.72,11.2,33.7,,13.05,84.63
JPN,Asia,Japan,2020-06-16,17587.0,85.0,53.857,927.0,2.0,1.571,139.054,0.672,0.426,7.329,0.016,0.012,,,,,6689.0,0.053,124.199,0.008,tests performed,26.85,126476458.0,347.778,48.2,27.049,18.493,39002.223,,79.37,5.72,11.2,33.7,,13.05,84.63
JPN,Asia,Japan,2020-06-17,17628.0,41.0,53.857,931.0,4.0,1.714,139.378,0.324,0.426,7.361,0.032,0.014,,,,,6664.0,0.053,123.735,0.008,tests performed,26.85,126476458.0,347.778,48.2,27.049,18.493,39002.223,,79.37,5.72,11.2,33.7,,13.05,84.63
JPN,Asia,Japan,2020-06-18,17668.0,40.0,53.714,935.0,4.0,2.143,139.694,0.316,0.425,7.393,0.032,0.017,,,,,6639.0,0.052,123.598,0.008,tests performed,26.85,126476458.0,347.778,48.2,27.049,18.493,39002.223,,79.37,5.72,11.2,33.7,,13.05,84.63
JPN,Asia,Japan,2020-06-19,17740.0,72.0,58.286,935.0,0.0,1.857,140.263,0.569,0.461,7.393,0.0,0.015,,,,,6613.0,0.052,113.458,0.009000000000000001,tests performed,26.85,126476458.0,347.778,48.2,27.049,18.493,39002.223,,79.37,5.72,11.2,33.7,,13.05,84.63
JPN,Asia,Japan,2020-06-20,17799.0,59.0,59.571,952.0,17.0,4.0,140.73,0.466,0.471,7.527,0.134,0.032,,622956.0,4.925,,6588.0,0.052,110.59,0.009000000000000001,tests performed,26.85,126476458.0,347.778,48.2,27.049,18.493,39002.223,,79.37,5.72,11.2,33.7,,13.05,84.63
JPN,Asia,Japan,2020-06-21,17799.0,0.0,52.857,952.0,0.0,3.857,140.73,0.0,0.418,7.527,0.0,0.03,,,,,6661.0,0.053,126.01899999999999,0.008,tests performed,24.07,126476458.0,347.778,48.2,27.049,18.493,39002.223,,79.37,5.72,11.2,33.7,,13.05,84.63
JPN,Asia,Japan,2020-06-22,17916.0,117.0,59.143,953.0,1.0,4.0,141.655,0.925,0.468,7.535,0.008,0.032,,,,,6734.0,0.053,113.86,0.009000000000000001,tests performed,24.07,126476458.0,347.778,48.2,27.049,18.493,39002.223,,79.37,5.72,11.2,33.7,,13.05,84.63
JPN,Asia,Japan,2020-06-23,17968.0,52.0,54.429,955.0,2.0,4.0,142.066,0.411,0.43,7.551,0.016,0.032,,,,,6806.0,0.054,125.045,0.008,tests performed,24.07,126476458.0,347.778,48.2,27.049,18.493,39002.223,,79.37,5.72,11.2,33.7,,13.05,84.63
JPN,Asia,Japan,2020-06-24,18027.0,59.0,57.0,963.0,8.0,4.571,142.532,0.466,0.451,7.614,0.063,0.036,,,,,6879.0,0.054,120.684,0.008,tests performed,24.07,126476458.0,347.778,48.2,27.049,18.493,39002.223,,79.37,5.72,11.2,33.7,,13.05,84.63
JPN,Asia,Japan,2020-06-25,18110.0,83.0,63.143,968.0,5.0,4.714,143.189,0.656,0.499,7.654,0.04,0.037,,,,,6952.0,0.055,110.1,0.009000000000000001,tests performed,24.07,126476458.0,347.778,48.2,27.049,18.493,39002.223,,79.37,5.72,11.2,33.7,,13.05,84.63
JPN,Asia,Japan,2020-06-26,18197.0,87.0,65.286,969.0,1.0,4.857,143.877,0.688,0.516,7.662,0.008,0.038,,,,,7025.0,0.056,107.604,0.009000000000000001,tests performed,24.07,126476458.0,347.778,48.2,27.049,18.493,39002.223,,79.37,5.72,11.2,33.7,,13.05,84.63
JPN,Asia,Japan,2020-06-27,18297.0,100.0,71.143,971.0,2.0,2.714,144.667,0.791,0.562,7.677,0.016,0.021,,672641.0,5.318,,7098.0,0.056,99.771,0.01,tests performed,24.07,126476458.0,347.778,48.2,27.049,18.493,39002.223,,79.37,5.72,11.2,33.7,,13.05,84.63
JPN,Asia,Japan,2020-06-28,18390.0,93.0,84.429,971.0,0.0,2.714,145.403,0.735,0.668,7.677,0.0,0.021,,,,,7280.0,0.058,86.227,0.012,tests performed,24.07,126476458.0,347.778,48.2,27.049,18.493,39002.223,,79.37,5.72,11.2,33.7,,13.05,84.63
JPN,Asia,Japan,2020-06-29,18476.0,86.0,80.0,972.0,1.0,2.714,146.083,0.68,0.633,7.685,0.008,0.021,,,,,7461.0,0.059,93.262,0.011000000000000001,tests performed,24.07,126476458.0,347.778,48.2,27.049,18.493,39002.223,,79.37,5.72,11.2,33.7,,13.05,84.63
JPN,Asia,Japan,2020-06-30,18593.0,117.0,89.286,972.0,0.0,2.429,147.008,0.925,0.706,7.685,0.0,0.019,,,,,7643.0,0.06,85.602,0.012,tests performed,24.07,126476458.0,347.778,48.2,27.049,18.493,39002.223,,79.37,5.72,11.2,33.7,,13.05,84.63
JPN,Asia,Japan,2020-07-01,18723.0,130.0,99.429,974.0,2.0,1.571,148.035,1.028,0.786,7.701,0.016,0.012,,,,,7825.0,0.062,78.7,0.013000000000000001,tests performed,24.07,126476458.0,347.778,48.2,27.049,18.493,39002.223,,79.37,5.72,11.2,33.7,,13.05,84.63
JPN,Asia,Japan,2020-07-02,18874.0,151.0,109.143,975.0,1.0,1.0,149.229,1.194,0.863,7.709,0.008,0.008,,,,,8006.0,0.063,73.35300000000001,0.013999999999999999,tests performed,24.07,126476458.0,347.778,48.2,27.049,18.493,39002.223,,79.37,5.72,11.2,33.7,,13.05,84.63
JPN,Asia,Japan,2020-07-03,19068.0,194.0,124.429,976.0,1.0,1.0,150.763,1.534,0.984,7.717,0.008,0.008,,,,,8188.0,0.065,65.805,0.015,tests performed,24.07,126476458.0,347.778,48.2,27.049,18.493,39002.223,,79.37,5.72,11.2,33.7,,13.05,84.63
JPN,Asia,Japan,2020-07-04,19282.0,214.0,140.714,977.0,1.0,0.857,152.455,1.692,1.113,7.725,0.008,0.007,,731228.0,5.782,,8370.0,0.066,59.482,0.017,tests performed,24.07,126476458.0,347.778,48.2,27.049,18.493,39002.223,,79.37,5.72,11.2,33.7,,13.05,84.63
JPN,Asia,Japan,2020-07-05,19522.0,240.0,161.714,977.0,0.0,0.857,154.353,1.898,1.279,7.725,0.0,0.007,,,,,8797.0,0.07,54.398,0.018000000000000002,tests performed,24.07,126476458.0,347.778,48.2,27.049,18.493,39002.223,,79.37,5.72,11.2,33.7,,13.05,84.63
JPN,Asia,Japan,2020-07-06,19775.0,253.0,185.571,977.0,0.0,0.714,156.353,2.0,1.467,7.725,0.0,0.006,,,,,9224.0,0.073,49.706,0.02,tests performed,24.07,126476458.0,347.778,48.2,27.049,18.493,39002.223,,79.37,5.72,11.2,33.7,,13.05,84.63
JPN,Asia,Japan,2020-07-07,19981.0,206.0,198.286,978.0,1.0,0.857,157.982,1.629,1.568,7.733,0.008,0.007,,,,,9651.0,0.076,48.672,0.021,tests performed,24.07,126476458.0,347.778,48.2,27.049,18.493,39002.223,,79.37,5.72,11.2,33.7,,13.05,84.63
JPN,Asia,Japan,2020-07-08,20174.0,193.0,207.286,980.0,2.0,0.857,159.508,1.526,1.639,7.748,0.016,0.007,,,,,10079.0,0.08,48.623999999999995,0.021,tests performed,24.07,126476458.0,347.778,48.2,27.049,18.493,39002.223,,79.37,5.72,11.2,33.7,,13.05,84.63
JPN,Asia,Japan,2020-07-09,20371.0,197.0,213.857,981.0,1.0,0.857,161.066,1.558,1.691,7.756,0.008,0.007,,,,,10506.0,0.083,49.126000000000005,0.02,tests performed,24.07,126476458.0,347.778,48.2,27.049,18.493,39002.223,,79.37,5.72,11.2,33.7,,13.05,84.63
JPN,Asia,Japan,2020-07-10,20719.0,348.0,235.857,982.0,1.0,0.857,163.817,2.752,1.865,7.764,0.008,0.007,,,,,10933.0,0.086,46.354,0.022000000000000002,tests performed,24.07,126476458.0,347.778,48.2,27.049,18.493,39002.223,,79.37,5.72,11.2,33.7,,13.05,84.63
JPN,Asia,Japan,2020-07-11,21129.0,410.0,263.857,982.0,0.0,0.714,167.059,3.242,2.086,7.764,0.0,0.006,,810752.0,6.41,,11361.0,0.09,43.056999999999995,0.023,tests performed,24.07,126476458.0,347.778,48.2,27.049,18.493,39002.223,,79.37,5.72,11.2,33.7,,13.05,84.63
JPN,Asia,Japan,2020-07-12,21502.0,373.0,282.857,982.0,0.0,0.714,170.008,2.949,2.236,7.764,0.0,0.006,,,,,11827.0,0.094,41.813,0.024,tests performed,24.07,126476458.0,347.778,48.2,27.049,18.493,39002.223,,79.37,5.72,11.2,33.7,,13.05,84.63
JPN,Asia,Japan,2020-07-13,21868.0,366.0,299.0,982.0,0.0,0.714,172.902,2.894,2.364,7.764,0.0,0.006,,,,,12292.0,0.097,41.11,0.024,tests performed,24.07,126476458.0,347.778,48.2,27.049,18.493,39002.223,,79.37,5.72,11.2,33.7,,13.05,84.63
JPN,Asia,Japan,2020-07-14,22220.0,352.0,319.857,982.0,0.0,0.571,175.685,2.783,2.529,7.764,0.0,0.005,,,,,12758.0,0.101,39.887,0.025,tests performed,24.07,126476458.0,347.778,48.2,27.049,18.493,39002.223,,79.37,5.72,11.2,33.7,,13.05,84.63
JPN,Asia,Japan,2020-07-15,22508.0,288.0,333.429,984.0,2.0,0.571,177.962,2.277,2.636,7.78,0.016,0.005,,,,,13224.0,0.105,39.661,0.025,tests performed,24.07,126476458.0,347.778,48.2,27.049,18.493,39002.223,,79.37,5.72,11.2,33.7,,13.05,84.63
JPN,Asia,Japan,2020-07-16,22890.0,382.0,359.857,985.0,1.0,0.571,180.982,3.02,2.845,7.788,0.008,0.005,,,,,13690.0,0.108,38.043,0.026000000000000002,tests performed,24.07,126476458.0,347.778,48.2,27.049,18.493,39002.223,,79.37,5.72,11.2,33.7,,13.05,84.63
JPN,Asia,Japan,2020-07-17,23473.0,583.0,393.429,985.0,0.0,0.429,185.592,4.61,3.111,7.788,0.0,0.003,,,,,14156.0,0.112,35.981,0.027999999999999997,tests performed,24.07,126476458.0,347.778,48.2,27.049,18.493,39002.223,,79.37,5.72,11.2,33.7,,13.05,84.63
JPN,Asia,Japan,2020-07-18,24132.0,659.0,429.0,985.0,0.0,0.429,190.802,5.21,3.392,7.788,0.0,0.003,,913108.0,7.22,,14622.0,0.116,34.084,0.028999999999999998,tests performed,24.07,126476458.0,347.778,48.2,27.049,18.493,39002.223,,79.37,5.72,11.2,33.7,,13.05,84.63
JPN,Asia,Japan,2020-07-19,24642.0,510.0,448.571,985.0,0.0,0.429,194.835,4.032,3.547,7.788,0.0,0.003,,,,,14662.0,0.116,32.686,0.031,tests performed,24.07,126476458.0,347.778,48.2,27.049,18.493,39002.223,,79.37,5.72,11.2,33.7,,13.05,84.63
JPN,Asia,Japan,2020-07-20,25096.0,454.0,461.143,985.0,0.0,0.429,198.424,3.59,3.646,7.788,0.0,0.003,,,,,14701.0,0.116,31.879,0.031,tests performed,24.07,126476458.0,347.778,48.2,27.049,18.493,39002.223,,79.37,5.72,11.2,33.7,,13.05,84.63
JPN,Asia,Japan,2020-07-21,25736.0,640.0,502.286,988.0,3.0,0.857,203.485,5.06,3.971,7.812,0.024,0.007,,,,,14740.0,0.117,29.346,0.034,tests performed,24.07,126476458.0,347.778,48.2,27.049,18.493,39002.223,,79.37,5.72,11.2,33.7,,13.05,84.63
JPN,Asia,Japan,2020-07-22,26303.0,567.0,542.143,989.0,1.0,0.714,207.968,4.483,4.287,7.82,0.008,0.006,,,,,14780.0,0.117,27.261999999999997,0.037000000000000005,tests performed,24.07,126476458.0,347.778,48.2,27.049,18.493,39002.223,,79.37,5.72,11.2,33.7,,13.05,84.63
JPN,Asia,Japan,2020-07-23,27029.0,726.0,591.286,990.0,1.0,0.714,213.708,5.74,4.675,7.828,0.008,0.006,,,,,14819.0,0.117,25.061999999999998,0.04,tests performed,28.7,126476458.0,347.778,48.2,27.049,18.493,39002.223,,79.37,5.72,11.2,33.7,,13.05,84.63
JPN,Asia,Japan,2020-07-24,27956.0,927.0,640.429,992.0,2.0,1.0,221.037,7.329,5.064,7.843,0.016,0.008,,,,,14858.0,0.117,23.2,0.043,tests performed,28.7,126476458.0,347.778,48.2,27.049,18.493,39002.223,,79.37,5.72,11.2,33.7,,13.05,84.63
JPN,Asia,Japan,2020-07-25,28786.0,830.0,664.857,993.0,1.0,1.143,227.6,6.562,5.257,7.851,0.008,0.009,,1017392.0,8.044,,14898.0,0.118,22.408,0.045,tests performed,28.7,126476458.0,347.778,48.2,27.049,18.493,39002.223,,79.37,5.72,11.2,33.7,,13.05,84.63
JPN,Asia,Japan,2020-07-26,29382.0,596.0,677.143,996.0,3.0,1.571,232.312,4.712,5.354,7.875,0.024,0.012,,,,,15949.0,0.126,23.553,0.042,tests performed,32.41,126476458.0,347.778,48.2,27.049,18.493,39002.223,,79.37,5.72,11.2,33.7,,13.05,84.63
JPN,Asia,Japan,2020-07-27,29989.0,607.0,699.0,996.0,0.0,1.571,237.111,4.799,5.527,7.875,0.0,0.012,,,,,17000.0,0.134,24.32,0.040999999999999995,tests performed,32.41,126476458.0,347.778,48.2,27.049,18.493,39002.223,,79.37,5.72,11.2,33.7,,13.05,84.63
JPN,Asia,Japan,2020-07-28,29989.0,0.0,607.571,996.0,0.0,1.143,237.111,0.0,4.804,7.875,0.0,0.009,,,,,18051.0,0.143,29.71,0.034,tests performed,32.41,126476458.0,347.778,48.2,27.049,18.493,39002.223,,79.37,5.72,11.2,33.7,,13.05,84.63
JPN,Asia,Japan,2020-07-29,31333.0,1344.0,718.571,1000.0,4.0,1.571,247.738,10.626,5.681,7.907,0.032,0.012,,,,,19103.0,0.151,26.585,0.038,tests performed,32.41,126476458.0,347.778,48.2,27.049,18.493,39002.223,,79.37,5.72,11.2,33.7,,13.05,84.63
JPN,Asia,Japan,2020-07-30,32459.0,1126.0,775.714,1003.0,3.0,1.857,256.641,8.903,6.133,7.93,0.024,0.015,,,,,20154.0,0.159,25.980999999999998,0.038,tests performed,32.41,126476458.0,347.778,48.2,27.049,18.493,39002.223,,79.37,5.72,11.2,33.7,,13.05,84.63
JPN,Asia,Japan,2020-07-31,33774.0,1315.0,831.143,1005.0,2.0,1.857,267.038,10.397,6.572,7.946,0.016,0.015,,,,,21205.0,0.168,25.513,0.039,tests performed,32.41,126476458.0,347.778,48.2,27.049,18.493,39002.223,,79.37,5.72,11.2,33.7,,13.05,84.63
JPN,Asia,Japan,2020-08-01,34372.0,598.0,798.0,1006.0,1.0,1.857,271.766,4.728,6.309,7.954,0.008,0.015,,1173187.0,9.276,,22256.0,0.176,27.89,0.036000000000000004,tests performed,32.41,126476458.0,347.778,48.2,27.049,18.493,39002.223,,79.37,5.72,11.2,33.7,,13.05,84.63
JPN,Asia,Japan,2020-08-02,36081.0,1709.0,957.0,1010.0,4.0,2.0,285.278,13.512,7.567,7.986,0.032,0.016,,,,,22719.0,0.18,23.74,0.042,tests performed,32.41,126476458.0,347.778,48.2,27.049,18.493,39002.223,,79.37,5.72,11.2,33.7,,13.05,84.63
JPN,Asia,Japan,2020-08-03,38072.0,1991.0,1154.714,1011.0,1.0,2.143,301.02,15.742,9.13,7.994,0.008,0.017,,,,,23181.0,0.183,20.075,0.05,tests performed,32.41,126476458.0,347.778,48.2,27.049,18.493,39002.223,,79.37,5.72,11.2,33.7,,13.05,84.63
JPN,Asia,Japan,2020-08-04,39858.0,1786.0,1409.857,1016.0,5.0,2.857,315.142,14.121,11.147,8.033,0.04,0.023,,,,,23643.0,0.187,16.77,0.06,tests performed,32.41,126476458.0,347.778,48.2,27.049,18.493,39002.223,,79.37,5.72,11.2,33.7,,13.05,84.63
JPN,Asia,Japan,2020-08-05,41129.0,1271.0,1399.429,1022.0,6.0,3.143,325.191,10.049,11.065,8.081,0.047,0.025,,,,,24105.0,0.191,17.225,0.057999999999999996,tests performed,32.41,126476458.0,347.778,48.2,27.049,18.493,39002.223,,79.37,5.72,11.2,33.7,,13.05,84.63
JPN,Asia,Japan,2020-08-06,42263.0,1134.0,1400.571,1026.0,4.0,3.286,334.157,8.966,11.074,8.112,0.032,0.026,,,,,24568.0,0.194,17.541,0.057,tests performed,30.56,126476458.0,347.778,48.2,27.049,18.493,39002.223,,79.37,5.72,11.2,33.7,,13.05,84.63
JPN,Asia,Japan,2020-08-07,43815.0,1552.0,1434.429,1033.0,7.0,4.0,346.428,12.271,11.341,8.168,0.055,0.032,,,,,25030.0,0.198,17.449,0.057,tests performed,30.56,126476458.0,347.778,48.2,27.049,18.493,39002.223,,79.37,5.72,11.2,33.7,,13.05,84.63
JPN,Asia,Japan,2020-08-08,45439.0,1624.0,1581.0,1039.0,6.0,4.714,359.268,12.84,12.5,8.215,0.047,0.037,,1351633.0,10.687,,25492.0,0.202,16.124000000000002,0.062,tests performed,30.56,126476458.0,347.778,48.2,27.049,18.493,39002.223,,79.37,5.72,11.2,33.7,,13.05,84.63
JPN,Asia,Japan,2020-08-09,46783.0,1344.0,1528.857,1040.0,1.0,4.286,369.895,10.626,12.088,8.223,0.008,0.034,,,,,24862.0,0.197,16.262,0.061,tests performed,30.56,126476458.0,347.778,48.2,27.049,18.493,39002.223,,79.37,5.72,11.2,33.7,,13.05,84.63
JPN,Asia,Japan,2020-08-10,47990.0,1207.0,1416.857,1047.0,7.0,5.143,379.438,9.543,11.203,8.278,0.055,0.041,,,,,24232.0,0.192,17.102999999999998,0.057999999999999996,tests performed,30.56,126476458.0,347.778,48.2,27.049,18.493,39002.223,,79.37,5.72,11.2,33.7,,13.05,84.63
JPN,Asia,Japan,2020-08-11,48238.0,248.0,1197.143,1051.0,4.0,5.0,381.399,1.961,9.465,8.31,0.032,0.04,,,,,23602.0,0.187,19.715,0.051,tests performed,30.56,126476458.0,347.778,48.2,27.049,18.493,39002.223,,79.37,5.72,11.2,33.7,,13.05,84.63
JPN,Asia,Japan,2020-08-12,49512.0,1274.0,1197.571,1058.0,7.0,5.143,391.472,10.073,9.469,8.365,0.055,0.041,,,,,22972.0,0.182,19.182000000000002,0.052000000000000005,tests performed,30.56,126476458.0,347.778,48.2,27.049,18.493,39002.223,,79.37,5.72,11.2,33.7,,13.05,84.63
JPN,Asia,Japan,2020-08-13,50444.0,932.0,1168.714,1062.0,4.0,5.143,398.841,7.369,9.241,8.397,0.032,0.041,,,,,22342.0,0.177,19.117,0.052000000000000005,tests performed,30.56,126476458.0,347.778,48.2,27.049,18.493,39002.223,,79.37,5.72,11.2,33.7,,13.05,84.63
JPN,Asia,Japan,2020-08-14,51513.0,1069.0,1099.714,1072.0,10.0,5.571,407.293,8.452,8.695,8.476,0.079,0.044,,,,,21713.0,0.172,19.744,0.051,tests performed,30.56,126476458.0,347.778,48.2,27.049,18.493,39002.223,,79.37,5.72,11.2,33.7,,13.05,84.63
JPN,Asia,Japan,2020-08-15,53577.0,2064.0,1162.571,1085.0,13.0,6.571,423.612,16.319,9.192,8.579,0.103,0.052,,1499211.0,11.854,,21083.0,0.167,18.135,0.055,tests performed,30.56,126476458.0,347.778,48.2,27.049,18.493,39002.223,,79.37,5.72,11.2,33.7,,13.05,84.63
JPN,Asia,Japan,2020-08-16,54714.0,1137.0,1133.0,1088.0,3.0,6.857,432.602,8.99,8.958,8.602,0.024,0.054,9634.0,1508845.0,11.93,0.076,19447.0,0.154,17.164,0.057999999999999996,tests performed,30.56,126476458.0,347.778,48.2,27.049,18.493,39002.223,,79.37,5.72,11.2,33.7,,13.05,84.63
JPN,Asia,Japan,2020-08-17,54952.0,238.0,994.571,1098.0,10.0,7.286,434.484,1.882,7.864,8.681,0.079,0.058,19016.0,1527861.0,12.08,0.15,19152.0,0.151,19.257,0.052000000000000005,tests performed,30.56,126476458.0,347.778,48.2,27.049,18.493,39002.223,,79.37,5.72,11.2,33.7,,13.05,84.63
JPN,Asia,Japan,2020-08-18,55958.0,1006.0,1102.857,1114.0,16.0,9.0,442.438,7.954,8.72,8.808,0.127,0.071,28182.0,1556043.0,12.303,0.223,20166.0,0.159,18.285,0.055,tests performed,30.56,126476458.0,347.778,48.2,27.049,18.493,39002.223,,79.37,5.72,11.2,33.7,,13.05,84.63
JPN,Asia,Japan,2020-08-19,57550.0,1592.0,1148.286,1128.0,14.0,10.0,455.025,12.587,9.079,8.919,0.111,0.079,29192.0,1585235.0,12.534,0.231,21325.0,0.169,18.570999999999998,0.054000000000000006,tests performed,30.56,126476458.0,347.778,48.2,27.049,18.493,39002.223,,79.37,5.72,11.2,33.7,,13.05,84.63
JPN,Asia,Japan,2020-08-20,58501.0,951.0,1151.0,1144.0,16.0,11.714,462.545,7.519,9.101,9.045,0.127,0.093,29781.0,1615016.0,12.769,0.235,22567.0,0.178,19.605999999999998,0.051,tests performed,30.56,126476458.0,347.778,48.2,27.049,18.493,39002.223,,79.37,5.72,11.2,33.7,,13.05,84.63
JPN,Asia,Japan,2020-08-21,59721.0,1220.0,1172.571,1155.0,11.0,11.857,472.191,9.646,9.271,9.132,0.087,0.094,26937.0,1641953.0,12.982,0.213,23404.0,0.185,19.96,0.05,tests performed,30.56,126476458.0,347.778,48.2,27.049,18.493,39002.223,,79.37,5.72,11.2,33.7,,13.05,84.63
JPN,Asia,Japan,2020-08-22,60733.0,1012.0,1022.286,1169.0,14.0,12.0,480.192,8.001,8.083,9.243,0.111,0.095,23383.0,1665336.0,13.167,0.185,23732.0,0.188,23.215,0.043,tests performed,30.56,126476458.0,347.778,48.2,27.049,18.493,39002.223,,79.37,5.72,11.2,33.7,,13.05,84.63
JPN,Asia,Japan,2020-08-23,61747.0,1014.0,1004.714,1176.0,7.0,12.571,488.209,8.017,7.944,9.298,0.055,0.099,9309.0,1674645.0,13.241,0.074,23686.0,0.187,23.575,0.042,tests performed,30.56,126476458.0,347.778,48.2,27.049,18.493,39002.223,,79.37,5.72,11.2,33.7,,13.05,84.63
JPN,Asia,Japan,2020-08-24,61754.0,7.0,971.714,1180.0,4.0,11.714,488.265,0.055,7.683,9.33,0.032,0.093,14034.0,1688679.0,13.352,0.111,22974.0,0.182,23.643,0.042,tests performed,30.56,126476458.0,347.778,48.2,27.049,18.493,39002.223,,79.37,5.72,11.2,33.7,,13.05,84.63
JPN,Asia,Japan,2020-08-25,63121.0,1367.0,1023.286,1196.0,16.0,11.714,499.073,10.808,8.091,9.456,0.127,0.093,25724.0,1714403.0,13.555,0.203,22623.0,0.179,22.108,0.045,tests performed,30.56,126476458.0,347.778,48.2,27.049,18.493,39002.223,,79.37,5.72,11.2,33.7,,13.05,84.63
JPN,Asia,Japan,2020-08-26,63822.0,701.0,896.0,1209.0,13.0,11.571,504.616,5.543,7.084,9.559,0.103,0.091,28102.0,1742505.0,13.777,0.222,22467.0,0.178,25.075,0.04,tests performed,30.56,126476458.0,347.778,48.2,27.049,18.493,39002.223,,79.37,5.72,11.2,33.7,,13.05,84.63
JPN,Asia,Japan,2020-08-27,64668.0,846.0,881.0,1226.0,17.0,11.714,511.305,6.689,6.966,9.694,0.134,0.093,28282.0,1770787.0,14.001,0.224,22253.0,0.176,25.259,0.04,tests performed,30.56,126476458.0,347.778,48.2,27.049,18.493,39002.223,,79.37,5.72,11.2,33.7,,13.05,84.63
JPN,Asia,Japan,2020-08-28,65573.0,905.0,836.0,1238.0,12.0,11.857,518.46,7.155,6.61,9.788,0.095,0.094,27160.0,1797947.0,14.216,0.215,22285.0,0.176,26.656999999999996,0.038,tests performed,30.56,126476458.0,347.778,48.2,27.049,18.493,39002.223,,79.37,5.72,11.2,33.7,,13.05,84.63
JPN,Asia,Japan,2020-08-29,66423.0,850.0,812.857,1255.0,17.0,12.286,525.181,6.721,6.427,9.923,0.134,0.097,23715.0,1821662.0,14.403,0.188,22332.0,0.177,27.473000000000003,0.036000000000000004,tests performed,30.56,126476458.0,347.778,48.2,27.049,18.493,39002.223,,79.37,5.72,11.2,33.7,,13.05,84.63
JPN,Asia,Japan,2020-08-30,67264.0,841.0,788.143,1264.0,9.0,12.571,531.83,6.649,6.232,9.994,0.071,0.099,9537.0,1831199.0,14.479,0.075,22365.0,0.177,28.377,0.035,tests performed,30.56,126476458.0,347.778,48.2,27.049,18.493,39002.223,,79.37,5.72,11.2,33.7,,13.05,84.63
JPN,Asia,Japan,2020-08-31,67865.0,601.0,873.0,1279.0,15.0,14.143,536.582,4.752,6.902,10.113,0.119,0.112,19773.0,1850972.0,14.635,0.156,23185.0,0.183,26.558000000000003,0.038,tests performed,,126476458.0,347.778,48.2,27.049,18.493,39002.223,,79.37,5.72,11.2,33.7,,13.05,84.63
JPN,Asia,Japan,2020-09-01,68392.0,527.0,753.0,1296.0,17.0,14.286,540.749,4.167,5.954,10.247,0.134,0.113,20704.0,1871676.0,14.799,0.164,22468.0,0.178,29.838,0.034,tests performed,,126476458.0,347.778,48.2,27.049,18.493,39002.223,,79.37,5.72,11.2,33.7,,13.05,84.63
JPN,Asia,Japan,2020-09-02,69001.0,609.0,739.857,1307.0,11.0,14.0,545.564,4.815,5.85,10.334,0.087,0.111,22823.0,1894499.0,14.979,0.18,21713.0,0.172,29.348000000000003,0.034,tests performed,,126476458.0,347.778,48.2,27.049,18.493,39002.223,,79.37,5.72,11.2,33.7,,13.05,84.63
JPN,Asia,Japan,2020-09-03,69599.0,598.0,704.429,1319.0,12.0,13.286,550.292,4.728,5.57,10.429,0.095,0.105,18359.0,1912858.0,15.124,0.145,20296.0,0.16,28.811999999999998,0.035,tests performed,,126476458.0,347.778,48.2,27.049,18.493,39002.223,,79.37,5.72,11.2,33.7,,13.05,84.63
JPN,Asia,Japan,2020-09-04,70268.0,669.0,670.714,1330.0,11.0,13.143,555.582,5.29,5.303,10.516,0.087,0.104,,,,,,,,,,,126476458.0,347.778,48.2,27.049,18.493,39002.223,,79.37,5.72,11.2,33.7,,13.05,84.63
JPN,Asia,Japan,2020-09-05,70876.0,608.0,636.143,1349.0,19.0,13.429,560.389,4.807,5.03,10.666,0.15,0.106,,,,,,,,,,,126476458.0,347.778,48.2,27.049,18.493,39002.223,,79.37,5.72,11.2,33.7,,13.05,84.63
JPN,Asia,Japan,2020-09-06,71419.0,543.0,593.571,1357.0,8.0,13.286,564.682,4.293,4.693,10.729,0.063,0.105,,,,,,,,,,,126476458.0,347.778,48.2,27.049,18.493,39002.223,,79.37,5.72,11.2,33.7,,13.05,84.63
JPN,Asia,Japan,2020-09-07,71856.0,437.0,570.143,1363.0,6.0,12.0,568.137,3.455,4.508,10.777,0.047,0.095,,,,,,,,,,,126476458.0,347.778,48.2,27.049,18.493,39002.223,,79.37,5.72,11.2,33.7,,13.05,84.63
